soubor,cislo,typ_zdroje,stav,osoba_nebo_skupina,cilova_slozka,sirka_px,vyska_px,velikost_b,upravena_varianta,zdrojova_cesta,dhash,ostrost,sha256,presna_duplicita,kontrola_ostrosti,nejblizsi_zaber,vizualni_vzdalenost,kontrola_podobnosti
Jan Macourek1.jpg,,jednotlivci,zarazeno,Jan Macourek,02_jan-macourek,4907,3505,7229086,False,/Users/giorgio/Documents/Přezletice 26/Originální fotky/01_kandidati/01_originalni_fotky/02_jan-macourek/jan-macourek__vyber-01.jpg,cce8686979f4cc58,27.370,ed91f88f8406bf02c2452bbc9fa88b9845f011c33ee3cd6529fa5c5857b4a89e,,False,_R5A2933.jpg,8,False
_R5A2815.jpg,2815,jednotlivci,zarazeno,Jan Macourek,02_jan-macourek,3924,5494,10149173,False,/Users/giorgio/Documents/Přezletice 26/Originální fotky/01_kandidati/01_originalni_fotky/02_jan-macourek/jan-macourek__r5a2815.jpg,ac646ce0f322666a,25.170,10be5642f46b9b62878c9453caa59701e2557dab712c6fe4c56e5ca2d9bc8106,,False,_R5A2816.jpg,12,False
_R5A2816.jpg,2816,jednotlivci,zarazeno,Jan Macourek,02_jan-macourek,3742,5239,9785422,False,/Users/giorgio/Documents/Přezletice 26/Originální fotky/01_kandidati/01_originalni_fotky/02_jan-macourek/jan-macourek__r5a2816.jpg,246de9e0a323624a,31.457,4f5b87bd2544a5debd4235bc0c89b97cf6670bb030ab504c45f375c410b588f5,,False,_R5A2817.jpg,10,False
_R5A2817.jpg,2817,jednotlivci,zarazeno,Jan Macourek,02_jan-macourek,3750,5250,9895935,False,/Users/giorgio/Documents/Přezletice 26/Originální fotky/01_kandidati/01_originalni_fotky/02_jan-macourek/jan-macourek__r5a2817.jpg,2d6de9f0f3238a6a,31.073,0638ea30a520a5a6246443e6a0b3bd4e0aefcb3166d4825dec7572d73a791982,,False,_R5A2816.jpg,10,False
_R5A2818.jpg,2818,jednotlivci,zarazeno,Jan Macourek,02_jan-macourek,3754,5255,10078565,False,/Users/giorgio/Documents/Přezletice 26/Originální fotky/01_kandidati/01_originalni_fotky/02_jan-macourek/jan-macourek__r5a2818.jpg,0cc9e9f9b8329ca4,37.471,2fd9bc50637b31e091f9d9647080b8a262f00f9aa6c3cd4419017dddd002903a,,False,_R5A2823.jpg,10,False
_R5A2820.jpg,2820,jednotlivci,zarazeno,Jan Macourek,02_jan-macourek,3869,5417,11181892,False,/Users/giorgio/Documents/Přezletice 26/Originální fotky/01_kandidati/01_originalni_fotky/02_jan-macourek/jan-macourek__r5a2820.jpg,0cccecd0d8339c24,36.791,632a04327ee6037f77d8b6bc52f33f4c385bba5d476a49b88145b57b16cd477e,,False,_R5A2821.jpg,9,False
_R5A2821.jpg,2821,jednotlivci,zarazeno,Jan Macourek,02_jan-macourek,3904,5465,10583118,False,/Users/giorgio/Documents/Přezletice 26/Originální fotky/01_kandidati/01_originalni_fotky/02_jan-macourek/jan-macourek__r5a2821.jpg,4cccccf0f832922c,31.171,fb4b8633c6ea6415525ede1ac9638a69e27bc1d394991c206a2d7f5334a44ec2,,False,_R5A2820.jpg,9,False
_R5A2823.jpg,2823,jednotlivci,zarazeno,Jan Macourek,02_jan-macourek,3258,4560,8054683,False,/Users/giorgio/Documents/Přezletice 26/Originální fotky/01_kandidati/01_originalni_fotky/02_jan-macourek/jan-macourek__r5a2823.jpg,c9cbe9b9b832982d,35.352,63187017bfdfd986b0bd91075c8e3a3b628083f072e4070919b288df438a827a,,False,_R5A2818.jpg,10,False
_R5A2824.jpg,2824,jednotlivci,zarazeno,Jan Macourek,02_jan-macourek,5161,3686,9615707,False,/Users/giorgio/Documents/Přezletice 26/Originální fotky/01_kandidati/01_originalni_fotky/02_jan-macourek/jan-macourek__r5a2824.jpg,8ce8e37272f0d458,37.499,16825050ba9ae4edcf47891db82014b43fd6b4ebbd2e078820ee0fb033040fb8,,False,_R5A2827.jpg,8,False
_R5A2825.jpg,2825,jednotlivci,zarazeno,Jan Macourek,02_jan-macourek,5161,3686,8237311,False,/Users/giorgio/Documents/Přezletice 26/Originální fotky/01_kandidati/01_originalni_fotky/02_jan-macourek/jan-macourek__r5a2825.jpg,cfc8627371f0dc18,42.898,a21ca8e33b06bde163cce84b72a576b7a6517d02d741bf17a8cb7ac572d580bd,,False,_R5A2824.jpg,11,False
_R5A2826.jpg,2826,jednotlivci,zarazeno,Jan Macourek,02_jan-macourek,5161,3686,7737010,False,/Users/giorgio/Documents/Přezletice 26/Originální fotky/01_kandidati/01_originalni_fotky/02_jan-macourek/jan-macourek__r5a2826.jpg,cdec687371d4ccc8,30.633,b714bb57656bd02a9242bec46cb924f48848595dc4a00850724ee30b93942893,,False,_R5A2826A.jpg,4,True
_R5A2826A.jpg,2826,jednotlivci,zarazeno,Jan Macourek,02_jan-macourek,5067,3619,7802784,False,/Users/giorgio/Documents/Přezletice 26/Originální fotky/01_kandidati/01_originalni_fotky/02_jan-macourek/jan-macourek__r5a2826a.jpg,8ded6b7371d4ccc8,28.458,e2cce66bc155d34ffe72e1f3c3052d116965148bd89a32f383892cb371dac29a,,False,_R5A2826.jpg,4,True
_R5A2827.jpg,2827,jednotlivci,zarazeno,Jan Macourek,02_jan-macourek,5511,3936,8597971,False,/Users/giorgio/Documents/Přezletice 26/Originální fotky/01_kandidati/01_originalni_fotky/02_jan-macourek/jan-macourek__r5a2827.jpg,8ce8637270d4ccc8,27.312,e940fe36ae5bff4831dfd2db1f55d79e2c5600c90420c68a84a163549790318e,,False,_R5A2828.jpg,0,True
_R5A2828.jpg,2828,jednotlivci,zarazeno,Jan Macourek,02_jan-macourek,5236,3740,7848569,False,/Users/giorgio/Documents/Přezletice 26/Originální fotky/01_kandidati/01_originalni_fotky/02_jan-macourek/jan-macourek__r5a2828.jpg,8ce8637270d4ccc8,27.508,9474b6801b4b9d793bfdbb9b07ae7f2ca5adacf2c11c6781e4fdd1bbcbafe05d,,False,_R5A2827.jpg,0,True
_R5A2831.jpg,2831,jednotlivci,zarazeno,Tomáš Říha,01_tomas-riha,5600,4000,11202083,False,/Users/giorgio/Documents/Přezletice 26/Originální fotky/01_kandidati/01_originalni_fotky/01_tomas-riha/tomas-riha__r5a2831.jpg,44e4293828c6cc4c,31.899,fba99d342634ecd4c4fc10a2c58810156a3e170bfcd14c78e178e87736094b9f,,False,_R5A2868.jpg,14,False
_R5A2831_ed.jpg,2831,jednotlivci,zarazeno,Tomáš Říha,01_tomas-riha,5236,3740,9090776,True,/Users/giorgio/Documents/Přezletice 26/Originální fotky/01_kandidati/01_originalni_fotky/01_tomas-riha/tomas-riha__r5a2831-ed.jpg,8ce86b7250cccc0c,31.476,30555b6e32b336b3079606e62d6094839a5d78cc703ac50543adc22da2f42504,,False,_R5A2827.jpg,7,False
_R5A2832.jpg,2832,jednotlivci,zarazeno,Tomáš Říha,01_tomas-riha,4842,3459,7766935,False,/Users/giorgio/Documents/Přezletice 26/Originální fotky/01_kandidati/01_originalni_fotky/01_tomas-riha/tomas-riha__r5a2832.jpg,cce8687950dccc8c,36.064,297f9dd07cd567793cfad9bb29f6189b25cdacbdb01b485121f390968630df3d,,False,_R5A2833.jpg,4,True
_R5A2833.jpg,2833,jednotlivci,zarazeno,Tomáš Říha,01_tomas-riha,5068,3620,8739603,False,/Users/giorgio/Documents/Přezletice 26/Originální fotky/01_kandidati/01_originalni_fotky/01_tomas-riha/tomas-riha__r5a2833.jpg,4c68687950cccc0c,36.397,eec8b82af5fc1c5dcfe9b3ed14706182319a2912b692e22432fb7ff7ce18387d,,False,_R5A2832.jpg,4,True
_R5A2834.jpg,2834,jednotlivci,zarazeno,Tomáš Říha,01_tomas-riha,5068,3620,8082711,False,/Users/giorgio/Documents/Přezletice 26/Originální fotky/01_kandidati/01_originalni_fotky/01_tomas-riha/tomas-riha__r5a2834.jpg,88e86a6064cc8c8c,36.233,c18547e4f82ddb5a5445beeb60607d3130cc0276403a0763e97ce2609de235c8,,False,_R5A2868.jpg,8,False
_R5A2835.jpg,2835,jednotlivci,zarazeno,Tomáš Říha,01_tomas-riha,4642,3316,6923687,False,/Users/giorgio/Documents/Přezletice 26/Originální fotky/01_kandidati/01_originalni_fotky/01_tomas-riha/tomas-riha__r5a2835.jpg,cec84869604ccc8c,37.957,35fa71f002bdcaba36fa7508874e052abdf253b8b499199ae2868f13b838c433,,False,_R5A2832.jpg,8,False
_R5A2836.jpg,2836,jednotlivci,zarazeno,Tomáš Říha,01_tomas-riha,4677,3341,6628958,False,/Users/giorgio/Documents/Přezletice 26/Originální fotky/01_kandidati/01_originalni_fotky/01_tomas-riha/tomas-riha__r5a2836.jpg,d5ccc8ece16949cc,35.644,44707b2edfbade0754d41c806f57e9b504cbf2c271e92234f559a78b2c63c839,,False,_R5A2847.jpg,9,False
_R5A2837.jpg,2837,jednotlivci,zarazeno,Tomáš Říha,01_tomas-riha,5163,3688,8646352,False,/Users/giorgio/Documents/Přezletice 26/Originální fotky/01_kandidati/01_originalni_fotky/01_tomas-riha/tomas-riha__r5a2837.jpg,cdccece6e168cccc,29.937,6caa5794583d7ff6f04bae62026e04855b854af43e83a0b5598f974c1fd06768,,False,_R5A2836.jpg,10,False
_R5A2838.jpg,2838,jednotlivci,zarazeno,Tomáš Říha,01_tomas-riha,5309,3792,8787967,False,/Users/giorgio/Documents/Přezletice 26/Originální fotky/01_kandidati/01_originalni_fotky/01_tomas-riha/tomas-riha__r5a2838.jpg,cce8e9e161cccc4c,30.288,c73b0c23008a9ed002620fdb5f29ec80bf4b5430b344dc7a06f2cd15fc8790e3,,False,_R5A2840.jpg,2,True
_R5A2839.jpg,2839,jednotlivci,zarazeno,Tomáš Říha,01_tomas-riha,5323,3802,8769077,False,/Users/giorgio/Documents/Přezletice 26/Originální fotky/01_kandidati/01_originalni_fotky/01_tomas-riha/tomas-riha__r5a2839.jpg,c8e8e9e969cccc4c,31.051,39835c66f0b50571b8886623bceeafb5eb890572454b765416d721aa1046c07f,,False,_R5A2838.jpg,3,True
_R5A2840.jpg,2840,jednotlivci,zarazeno,Tomáš Říha,01_tomas-riha,5207,3719,8918565,False,/Users/giorgio/Documents/Přezletice 26/Originální fotky/01_kandidati/01_originalni_fotky/01_tomas-riha/tomas-riha__r5a2840.jpg,cce8e9e965cccc4c,33.686,05fdef91951db0b516965bb17510e202981c40104e3ca79998887059a0910f70,,False,_R5A2838.jpg,2,True
_R5A2841.jpg,2841,jednotlivci,zarazeno,Břetislav Lukeš,08_bretislav-lukes,5065,3618,8098099,False,/Users/giorgio/Documents/Přezletice 26/Originální fotky/01_kandidati/01_originalni_fotky/08_bretislav-lukes/bretislav-lukes__r5a2841.jpg,8c6acec64cccce4e,37.543,a02072c0801c3cb8d8016e2b7cb6f301bd93900a8852c6899991feaf29deb9a8,,False,_R5A2842.jpg,6,False
_R5A2842.jpg,2842,jednotlivci,zarazeno,Břetislav Lukeš,08_bretislav-lukes,5384,3846,8238935,False,/Users/giorgio/Documents/Přezletice 26/Originální fotky/01_kandidati/01_originalni_fotky/08_bretislav-lukes/bretislav-lukes__r5a2842.jpg,88ea4e4f4cccce4e,38.145,7be56cc75a3c6d4d2308cfb481a4c3bf2993eef7a281607d89e32e57b0fcce73,,False,_R5A2841.jpg,6,False
_R5A2843.jpg,2843,jednotlivci,zarazeno,Břetislav Lukeš,08_bretislav-lukes,5269,3764,7559378,False,/Users/giorgio/Documents/Přezletice 26/Originální fotky/01_kandidati/01_originalni_fotky/08_bretislav-lukes/bretislav-lukes__r5a2843.jpg,8ce84dcdcd4dccce,31.741,a970ccef27a407746a2f88ee197730ebff4f45f00366bf9a701c1d6e06f89a1f,,False,_R5A2844.jpg,3,True
_R5A2844.jpg,2844,jednotlivci,zarazeno,Břetislav Lukeš,08_bretislav-lukes,5342,3816,8022058,False,/Users/giorgio/Documents/Přezletice 26/Originální fotky/01_kandidati/01_originalni_fotky/08_bretislav-lukes/bretislav-lukes__r5a2844.jpg,88e8cdcdcd4dcccc,30.753,d89e15251b6cc082bbfda109a565b92d8088822a107a4c6cd669f767f5713286,,False,_R5A2843.jpg,3,True
_R5A2845.jpg,2845,jednotlivci,zarazeno,Břetislav Lukeš,08_bretislav-lukes,5203,3716,6951465,False,/Users/giorgio/Documents/Přezletice 26/Originální fotky/01_kandidati/01_originalni_fotky/08_bretislav-lukes/bretislav-lukes__r5a2845.jpg,8c696d4d454dcccc,29.853,8cd42e2cf5c0a6ede9162f579eb91370e2162c5c57ed598c3bf8eefae0eed4e2,,False,_R5A2846.jpg,6,False
_R5A2846.jpg,2846,jednotlivci,zarazeno,Břetislav Lukeš,08_bretislav-lukes,5043,3602,6718483,False,/Users/giorgio/Documents/Přezletice 26/Originální fotky/01_kandidati/01_originalni_fotky/08_bretislav-lukes/bretislav-lukes__r5a2846.jpg,cdad6d4d654dcccc,29.264,5b3e835a9041a17577f61fe90745d101b7ad02b250b871e9e0a278feddbf17ca,,False,_R5A2845.jpg,6,False
_R5A2847.jpg,2847,jednotlivci,zarazeno,Břetislav Lukeš,08_bretislav-lukes,5008,3577,6754194,False,/Users/giorgio/Documents/Přezletice 26/Originální fotky/01_kandidati/01_originalni_fotky/08_bretislav-lukes/bretislav-lukes__r5a2847.jpg,c5cd4ccee56d4dcc,30.766,8dd74514e6c86ab37a68db70d46f96a706dcf8d3ba39505cc51f03d2a2a68587,,False,_R5A2836.jpg,9,False
_R5A2848.jpg,2848,jednotlivci,zarazeno,Břetislav Lukeš,08_bretislav-lukes,5286,3776,7881248,False,/Users/giorgio/Documents/Přezletice 26/Originální fotky/01_kandidati/01_originalni_fotky/08_bretislav-lukes/bretislav-lukes__r5a2848.jpg,eccd6944dcd48c8e,28.702,95cd4f48d33a46744c9246aa2941f84fc68502849c154e69e74c8a4299f50f70,,False,_R5A2851.jpg,7,False
_R5A2850.jpg,2850,jednotlivci,zarazeno,Břetislav Lukeš,08_bretislav-lukes,4602,3287,6232080,False,/Users/giorgio/Documents/Přezletice 26/Originální fotky/01_kandidati/01_originalni_fotky/08_bretislav-lukes/bretislav-lukes__r5a2850.jpg,8ccd694d5d658c8c,29.988,c436fdd0251bc98288cf690c9ed934162937b29599ad7e46d349330689fbbff5,,False,_R5A2851.jpg,4,True
_R5A2851.jpg,2851,jednotlivci,zarazeno,Břetislav Lukeš,08_bretislav-lukes,4963,3545,7773973,False,/Users/giorgio/Documents/Přezletice 26/Originální fotky/01_kandidati/01_originalni_fotky/08_bretislav-lukes/bretislav-lukes__r5a2851.jpg,accd694d5c648c8e,28.962,2662fb404ccba05746c12ae4bc770ba59eb583554d84a04851893ff86488e42c,,False,_R5A2850.jpg,4,True
_R5A2852.jpg,2852,jednotlivci,zarazeno,Břetislav Lukeš,08_bretislav-lukes,5104,3646,7337423,False,/Users/giorgio/Documents/Přezletice 26/Originální fotky/01_kandidati/01_originalni_fotky/08_bretislav-lukes/bretislav-lukes__r5a2852.jpg,88c949cdd4d18e8e,28.556,66140ce7f2670a67ca60e9f1feac7ae0d0456346027869bc86a3afec2153b76e,,False,_R5A2854.jpg,9,False
_R5A2853.jpg,2853,jednotlivci,zarazeno,Břetislav Lukeš,08_bretislav-lukes,5048,3606,6858866,False,/Users/giorgio/Documents/Přezletice 26/Originální fotky/01_kandidati/01_originalni_fotky/08_bretislav-lukes/bretislav-lukes__r5a2853.jpg,cd48cccdd94dcccc,29.107,6dfa3f830377a1a5c758d6401ca28f5f613a266a0f40fea72d8aaad6d9887e16,,False,_R5A2844.jpg,8,False
_R5A2854.jpg,2854,jednotlivci,zarazeno,Břetislav Lukeš,08_bretislav-lukes,4907,3505,7079952,False,/Users/giorgio/Documents/Přezletice 26/Originální fotky/01_kandidati/01_originalni_fotky/08_bretislav-lukes/bretislav-lukes__r5a2854.jpg,c8cdcdccd4d4de8e,30.784,360520a79e46a138dd977c57ddc91c347c37069626cba43d4d3b22513a2f69dd,,False,_R5A2883.jpg,7,False
_R5A2855.jpg,2855,jednotlivci,zarazeno,Břetislav Lukeš,08_bretislav-lukes,5082,3630,7517262,False,/Users/giorgio/Documents/Přezletice 26/Originální fotky/01_kandidati/01_originalni_fotky/08_bretislav-lukes/bretislav-lukes__r5a2855.jpg,c8ce56d6c69793de,25.803,1ec1c8878f78cf0c604162fb8cee8cbf9016d390b939f587ab84d26b05ea7c9f,,False,_R5A2892.jpg,16,False
_R5A2856.jpg,2856,jednotlivci,zarazeno,Břetislav Lukeš,08_bretislav-lukes,3424,4794,7902358,False,/Users/giorgio/Documents/Přezletice 26/Originální fotky/01_kandidati/01_originalni_fotky/08_bretislav-lukes/bretislav-lukes__r5a2856.jpg,4ccd1727331f8686,33.458,862445a896122b49a33f845f35f9059423d2301091253ed5b8e9daae2db86ffd,,False,_R5A2892.jpg,21,False
_R5A2858.jpg,2858,jednotlivci,zarazeno,Břetislav Lukeš,08_bretislav-lukes,5205,3718,7403321,False,/Users/giorgio/Documents/Přezletice 26/Originální fotky/01_kandidati/01_originalni_fotky/08_bretislav-lukes/bretislav-lukes__r5a2858.jpg,cce86d6d6d4ccc0c,28.100,89492604513b0ac73abbbc12ca8d749c2fa716954c58680f2d8867951c092615,,False,_R5A2859.jpg,6,False
_R5A2859.jpg,2859,jednotlivci,zarazeno,Břetislav Lukeš,08_bretislav-lukes,5106,3647,7231122,False,/Users/giorgio/Documents/Přezletice 26/Originální fotky/01_kandidati/01_originalni_fotky/08_bretislav-lukes/bretislav-lukes__r5a2859.jpg,cce9ed4d6d4dce8c,27.888,63ba17346a21b32ec6e2d3e7f9a0521b2b071e6c32d37b43a8a7056ab51ab046,,False,_R5A2858.jpg,6,False
_R5A2860.jpg,2860,jednotlivci,zarazeno,Břetislav Lukeš,08_bretislav-lukes,5459,3899,8202223,False,/Users/giorgio/Documents/Přezletice 26/Originální fotky/01_kandidati/01_originalni_fotky/08_bretislav-lukes/bretislav-lukes__r5a2860.jpg,ec4c8c868d4ccc0c,28.780,954f2072c3d704dc3f9db1527cb19da0c2860c58e4a1361332d2a9bc0f7776a4,,False,_R5A2923.jpg,13,False
_R5A2861.jpg,2861,jednotlivci,zarazeno,Břetislav Lukeš,08_bretislav-lukes,5346,3819,7747298,False,/Users/giorgio/Documents/Přezletice 26/Originální fotky/01_kandidati/01_originalni_fotky/08_bretislav-lukes/bretislav-lukes__r5a2861.jpg,4da8a9054ccc8ccc,30.491,587f04db9fc0db6079b3468432220606ff4da8bac741b623b6dcd4651bc12d06,,False,_R5A2862.jpg,9,False
_R5A2862.jpg,2862,jednotlivci,zarazeno,Břetislav Lukeš,08_bretislav-lukes,5288,3777,7675548,False,/Users/giorgio/Documents/Přezletice 26/Originální fotky/01_kandidati/01_originalni_fotky/08_bretislav-lukes/bretislav-lukes__r5a2862.jpg,6cacada54ecc0c8c,29.390,733b9ba33bc55b261050aadc2aaf6477c1a50cc4fa4066adc223d2c41bf1f96f,,False,_R5A2861.jpg,9,False
_R5A2863.jpg,2863,jednotlivci,zarazeno,Břetislav Lukeš,08_bretislav-lukes,4084,2917,4931450,False,/Users/giorgio/Documents/Přezletice 26/Originální fotky/01_kandidati/01_originalni_fotky/08_bretislav-lukes/bretislav-lukes__r5a2863.jpg,cd4ccd6c465b9393,29.848,9ad256aab5003814fc2ae48f028d9726c7e43a8b7f9653edacc3950fb22331e4,,False,_R5A2935.jpg,18,False
_R5A2866.jpg,2866,jednotlivci,zarazeno,Břetislav Lukeš,08_bretislav-lukes,5185,3704,7399788,False,/Users/giorgio/Documents/Přezletice 26/Originální fotky/01_kandidati/01_originalni_fotky/08_bretislav-lukes/bretislav-lukes__r5a2866.jpg,cccc684c1616848c,29.612,b27d33b62a565e5cf5205b0fb52f9c73f63370d323a2bb60a70629e5f0f7a6c2,,False,_R5A2900.jpg,11,False
_R5A2867.jpg,2867,jednotlivci,zarazeno,Jan Macourek,02_jan-macourek,3401,4761,7011291,False,/Users/giorgio/Documents/Přezletice 26/Originální fotky/01_kandidati/01_originalni_fotky/02_jan-macourek/jan-macourek__r5a2867.jpg,4cccccd0c393868e,24.264,3018911fc41b6638148567778d2b07a30ce7039064708f00a8e7f7a20376314f,,False,_R5A2892.jpg,13,False
_R5A2868.jpg,2868,jednotlivci,zarazeno,Jan Macourek,02_jan-macourek,5235,3739,7533686,False,/Users/giorgio/Documents/Přezletice 26/Originální fotky/01_kandidati/01_originalni_fotky/02_jan-macourek/jan-macourek__r5a2868.jpg,cc68696060cccccc,22.911,a564b0ff1443cc40b6ab5700c20bac0dc7dd3605ad573db28d0e8f1d97a6c7ac,,False,_R5A2870.jpg,4,True
_R5A2869.jpg,2869,jednotlivci,zarazeno,Jan Macourek,02_jan-macourek,5315,3796,7320878,False,/Users/giorgio/Documents/Přezletice 26/Originální fotky/01_kandidati/01_originalni_fotky/02_jan-macourek/jan-macourek__r5a2869.jpg,8c69686160c6cc4c,21.015,187158276bb98c16ca8ebcb7f0ba27b195bff9c4589be182f106482b4d2c403f,,False,_R5A2870.jpg,5,True
_R5A2870.jpg,2870,jednotlivci,zarazeno,Jan Macourek,02_jan-macourek,5318,3799,7567425,False,/Users/giorgio/Documents/Přezletice 26/Originální fotky/01_kandidati/01_originalni_fotky/02_jan-macourek/jan-macourek__r5a2870.jpg,c868696160c6cccc,21.415,1a01dbd15da992309c0f446d588a5a24e4cbb1ae31398bd69d97f5d0d2609867,,False,_R5A2868.jpg,4,True
_R5A2871.jpg,2871,jednotlivci,zarazeno,Jan Macourek,02_jan-macourek,5257,3755,7482361,False,/Users/giorgio/Documents/Přezletice 26/Originální fotky/01_kandidati/01_originalni_fotky/02_jan-macourek/jan-macourek__r5a2871.jpg,8c69697171c6c64c,21.572,f2b746a54da9440dc116fc9977e4f771d457ad17dd22409e64edfb513348e60e,,False,_R5A2869.jpg,6,False
_R5A2872.jpg,2872,jednotlivci,zarazeno,Jan Macourek,02_jan-macourek,5257,3755,7282118,False,/Users/giorgio/Documents/Přezletice 26/Originální fotky/01_kandidati/01_originalni_fotky/02_jan-macourek/jan-macourek__r5a2872.jpg,c8e9e969798ccccc,21.563,007b362af058f73a2bcee92437a81d368c4baae81135ebe99c8570b11412c029,,False,_R5A2878.jpg,2,True
_R5A2873.jpg,2873,jednotlivci,zarazeno,Jan Macourek,02_jan-macourek,5200,3714,7021424,False,/Users/giorgio/Documents/Přezletice 26/Originální fotky/01_kandidati/01_originalni_fotky/02_jan-macourek/jan-macourek__r5a2873.jpg,cc69697979cccc4c,21.592,e5434d534f1196414ba56c07cd8d85269faa37eed0dc9aedadf4c5c389abbf4a,,False,_R5A2872.jpg,6,False
_R5A2874.jpg,2874,jednotlivci,zarazeno,Jan Macourek,02_jan-macourek,4881,3486,6418278,False,/Users/giorgio/Documents/Přezletice 26/Originální fotky/01_kandidati/01_originalni_fotky/02_jan-macourek/jan-macourek__r5a2874.jpg,88e9e96969949c8c,19.443,accf68b4db53b5e67e62f614bab054d0bca9ffbd045208a2b1fd0fdd444eeead,,True,_R5A2872.jpg,7,False
_R5A2875.jpg,2875,jednotlivci,zarazeno,Jan Macourek,02_jan-macourek,4824,3446,6627375,False,/Users/giorgio/Documents/Přezletice 26/Originální fotky/01_kandidati/01_originalni_fotky/02_jan-macourek/jan-macourek__r5a2875.jpg,4cececec64949e8c,20.013,a81962ec63f7de1374624a613a258fb0fb8b080165eee6fd12a6784e77ab1edd,,True,_R5A3015.jpg,6,False
_R5A2876.jpg,2876,jednotlivci,zarazeno,Jan Macourek,02_jan-macourek,4082,2916,5043964,False,/Users/giorgio/Documents/Přezletice 26/Originální fotky/01_kandidati/01_originalni_fotky/02_jan-macourek/jan-macourek__r5a2876.jpg,454cada9b9399ece,24.370,6ec02156a57c0b6cda3b813cdbebe51ad9db78d1b1591400b8284667f3eb538f,,False,_R5A2818.jpg,19,False
_R5A2877.jpg,2877,jednotlivci,zarazeno,Jan Macourek,02_jan-macourek,5395,3854,7811224,False,/Users/giorgio/Documents/Přezletice 26/Originální fotky/01_kandidati/01_originalni_fotky/02_jan-macourek/jan-macourek__r5a2877.jpg,6ca8b9b8dccccccc,23.414,14d62a9eee880dc351031a637e7169c694a53ca848fdbdd68e3f29c1ce395cbe,,False,_R5A2861.jpg,12,False
_R5A2878.jpg,2878,jednotlivci,zarazeno,Jan Macourek,02_jan-macourek,5107,3648,6771883,False,/Users/giorgio/Documents/Přezletice 26/Originální fotky/01_kandidati/01_originalni_fotky/02_jan-macourek/jan-macourek__r5a2878.jpg,88e9e96979cccccc,20.730,2b8e39e5809e18a53e556ee6332d2ead0d77ac10861f4d127227fca28e86ab39,,False,_R5A2872.jpg,2,True
_R5A2879.jpg,2879,jednotlivci,zarazeno,Václav Šmerda,07_vaclav-smerda,4921,3515,6532159,False,/Users/giorgio/Documents/Přezletice 26/Originální fotky/01_kandidati/01_originalni_fotky/07_vaclav-smerda/vaclav-smerda__r5a2879.jpg,e8ececece0c496c8,20.165,d44a96f58b2c063f8dd4806b3fa9b63ea0246bcdbf48b3a184c9d4d695ee620c,,True,_R5A2881.jpg,6,False
_R5A2880.jpg,2880,jednotlivci,zarazeno,Václav Šmerda,07_vaclav-smerda,4535,3239,5644316,False,/Users/giorgio/Documents/Přezletice 26/Originální fotky/01_kandidati/01_originalni_fotky/07_vaclav-smerda/vaclav-smerda__r5a2880.jpg,e9c8c8c8d0cc96d8,19.782,d65b65ae834012d450ea1de3b1e0f25ab723898b263a9b2762ca055d4d61d2e4,,True,_R5A2881.jpg,9,False
_R5A2881.jpg,2881,jednotlivci,zarazeno,Václav Šmerda,07_vaclav-smerda,4529,3235,5890153,False,/Users/giorgio/Documents/Přezletice 26/Originální fotky/01_kandidati/01_originalni_fotky/07_vaclav-smerda/vaclav-smerda__r5a2881.jpg,e8e868e8e08496d8,20.533,872f3cdd283f22d87f593bb894f638b5a6d077dc7766f623ecc620833748b4e6,,True,_R5A2879.jpg,6,False
_R5A2882.jpg,2882,jednotlivci,zarazeno,Václav Šmerda,07_vaclav-smerda,4427,3162,5697074,False,/Users/giorgio/Documents/Přezletice 26/Originální fotky/01_kandidati/01_originalni_fotky/07_vaclav-smerda/vaclav-smerda__r5a2882.jpg,e8cdccccd09c8e88,20.415,2587f5bff45cdc3b05f6e61251dd798af645f455b74b80354ac7863503a5b53e,,True,_R5A2883.jpg,6,False
_R5A2883.jpg,2883,jednotlivci,zarazeno,Václav Šmerda,07_vaclav-smerda,4692,3351,6503191,False,/Users/giorgio/Documents/Přezletice 26/Originální fotky/01_kandidati/01_originalni_fotky/07_vaclav-smerda/vaclav-smerda__r5a2883.jpg,ecccccccd4dc9e8c,21.591,f559e56e1b02319fdd25832aa7df673bb59038721c04d33b4e7f8640893d43a5,,False,_R5A2923.jpg,4,True
_R5A2884.jpg,2884,jednotlivci,zarazeno,Václav Šmerda,07_vaclav-smerda,4580,3271,6259436,False,/Users/giorgio/Documents/Přezletice 26/Originální fotky/01_kandidati/01_originalni_fotky/07_vaclav-smerda/vaclav-smerda__r5a2884.jpg,c86d6969611c9ea8,22.534,13fcf18621526c6372fa8361d27a97edaec7817bb4247a228c056dfa04c06292,,False,_R5A2874.jpg,10,False
_R5A2885.jpg,2885,jednotlivci,zarazeno,Václav Šmerda,07_vaclav-smerda,4040,2886,4778223,False,/Users/giorgio/Documents/Přezletice 26/Originální fotky/01_kandidati/01_originalni_fotky/07_vaclav-smerda/vaclav-smerda__r5a2885.jpg,89c9c9c9d1999694,24.402,c72e9abeb94f31d7d862f2f73edb513de3eecc936865a02646b8c404e4dbb7a7,,False,photo by Josef Adlt_R5A2973.jpg,9,False
_R5A2886.jpg,2886,jednotlivci,zarazeno,Václav Šmerda,07_vaclav-smerda,4711,3365,6480087,False,/Users/giorgio/Documents/Přezletice 26/Originální fotky/01_kandidati/01_originalni_fotky/07_vaclav-smerda/vaclav-smerda__r5a2886.jpg,e9c8c9e9f9e08698,23.010,f4c4266f13b8ee1b5a5db18a14d7fd999c5f09d9dd129a05537f6cbf3e0f3de8,,False,photo by Josef Adlt_R5A2973.jpg,9,False
_R5A2887.jpg,2887,jednotlivci,zarazeno,Václav Šmerda,07_vaclav-smerda,4766,3404,6804527,False,/Users/giorgio/Documents/Přezletice 26/Originální fotky/01_kandidati/01_originalni_fotky/07_vaclav-smerda/vaclav-smerda__r5a2887.jpg,4ccc296968e2ce98,26.233,4d96c9ee5e8b399d98186db27ccb804aa8547a5ad5fcef53e2d0631e1ad64eae,,False,_R5A2888.jpg,10,False
_R5A2888.jpg,2888,jednotlivci,zarazeno,Václav Šmerda,07_vaclav-smerda,4840,3457,6972716,False,/Users/giorgio/Documents/Přezletice 26/Originální fotky/01_kandidati/01_originalni_fotky/07_vaclav-smerda/vaclav-smerda__r5a2888.jpg,c868286870e28e98,25.974,e6ebbd0745e6c9bbf06cc891c2f58c73a791ccf5e3446c2daead2ec2df4ad44f,,False,_R5A2887.jpg,10,False
_R5A2891.jpg,2891,jednotlivci,zarazeno,Pavel Řeřucha,06_pavel-rerucha,4778,3413,6712544,False,/Users/giorgio/Documents/Přezletice 26/Originální fotky/01_kandidati/01_originalni_fotky/06_pavel-rerucha/pavel-rerucha__r5a2891.jpg,c9c9c9ddc7cd9e8e,31.916,b6285ea69fcd06ae4c20d3f054e22260095d5a66c87d63889a98001b89f1b705,,False,_R5A2852.jpg,11,False
_R5A2892.jpg,2892,jednotlivci,zarazeno,Pavel Řeřucha,06_pavel-rerucha,3320,4648,6156353,False,/Users/giorgio/Documents/Přezletice 26/Originální fotky/01_kandidati/01_originalni_fotky/06_pavel-rerucha/pavel-rerucha__r5a2892.jpg,0cccce9686868696,25.888,fb580d29db2bc10563416a06b8fd5cd54c3996e9faf57dfe7826a073a1b4877a,,False,_R5A2867.jpg,13,False
_R5A2893.jpg,2893,jednotlivci,zarazeno,Pavel Řeřucha,06_pavel-rerucha,5072,3623,7021147,False,/Users/giorgio/Documents/Přezletice 26/Originální fotky/01_kandidati/01_originalni_fotky/06_pavel-rerucha/pavel-rerucha__r5a2893.jpg,c8e8694d4ccccc4c,26.621,304b54d8ce5053f63cb6f5e9f60f729604f01ff9c54d3e1af8573d9ef43b2d7a,,False,_R5A2895.jpg,3,True
_R5A2894.jpg,2894,jednotlivci,zarazeno,Pavel Řeřucha,06_pavel-rerucha,5281,3772,7616950,False,/Users/giorgio/Documents/Přezletice 26/Originální fotky/01_kandidati/01_originalni_fotky/06_pavel-rerucha/pavel-rerucha__r5a2894.jpg,88eae84c4ccccc4c,24.890,f603b8ca1f50b4221961df7bedbcece5f0d549988fe0e4a560435158a59e01d1,,False,_R5A2895.jpg,2,True
_R5A2895.jpg,2895,jednotlivci,zarazeno,Pavel Řeřucha,06_pavel-rerucha,5375,3839,7943922,False,/Users/giorgio/Documents/Přezletice 26/Originální fotky/01_kandidati/01_originalni_fotky/06_pavel-rerucha/pavel-rerucha__r5a2895.jpg,88e8e84d4ccccc4c,24.434,1d4b35755811fd0ac37d9e11061eca9e0c38d825d02c070a9d856f98107cdc1a,,False,_R5A2894.jpg,2,True
_R5A2896.jpg,2896,jednotlivci,zarazeno,Pavel Řeřucha,06_pavel-rerucha,5122,3659,7599263,False,/Users/giorgio/Documents/Přezletice 26/Originální fotky/01_kandidati/01_originalni_fotky/06_pavel-rerucha/pavel-rerucha__r5a2896.jpg,e869694d4dc696ce,27.880,3b08968f644e400d44a895f04c8ada19bca65d14008d3f3cc6ebbba79ae85ca8,,False,_R5A2897.jpg,6,False
_R5A2897.jpg,2897,jednotlivci,zarazeno,Pavel Řeřucha,06_pavel-rerucha,5331,3808,8146735,False,/Users/giorgio/Documents/Přezletice 26/Originální fotky/01_kandidati/01_originalni_fotky/06_pavel-rerucha/pavel-rerucha__r5a2897.jpg,e9e9e94d4d86960e,28.261,a60b76b549b815f7945471894e69aa76c4e2e9996d7dc8f269372addcac1c3b7,,False,_R5A2896.jpg,6,False
_R5A2898.jpg,2898,jednotlivci,zarazeno,Pavel Řeřucha,06_pavel-rerucha,5147,3676,7498231,False,/Users/giorgio/Documents/Přezletice 26/Originální fotky/01_kandidati/01_originalni_fotky/06_pavel-rerucha/pavel-rerucha__r5a2898.jpg,8cec6dcc4c74cccc,28.112,d32f4b9a77d732d356ce8ac2e0c578ba338216b8eec01998e277005865af2f13,,False,_R5A2943.jpg,9,False
_R5A2899.jpg,2899,jednotlivci,zarazeno,Pavel Řeřucha,06_pavel-rerucha,5141,3672,7555727,False,/Users/giorgio/Documents/Přezletice 26/Originální fotky/01_kandidati/01_originalni_fotky/06_pavel-rerucha/pavel-rerucha__r5a2899.jpg,cc68694c1ec69614,29.401,ce83124ef9b6abe090e284c21a404cc6b2ee53a114d4c72693841ac8f3ad5a9d,,False,_R5A2900.jpg,4,True
_R5A2900.jpg,2900,jednotlivci,zarazeno,Pavel Řeřucha,06_pavel-rerucha,5044,3603,7969841,False,/Users/giorgio/Documents/Přezletice 26/Originální fotky/01_kandidati/01_originalni_fotky/06_pavel-rerucha/pavel-rerucha__r5a2900.jpg,cc68694c0e86969c,29.473,fa1aa14831fb11b802249873b7dc64fca2775f37fd4cecad204049e27805fb05,,False,_R5A2899.jpg,4,True
_R5A2901.jpg,2901,jednotlivci,zarazeno,Pavel Řeřucha,06_pavel-rerucha,4891,3494,7062331,False,/Users/giorgio/Documents/Přezletice 26/Originální fotky/01_kandidati/01_originalni_fotky/06_pavel-rerucha/pavel-rerucha__r5a2901.jpg,c8c8c9ccccc494cc,29.330,eaed294d6f9d5ecb22d62abcccff6be0ea3dd4a8b790e883bcbd53650e54d4a0,,False,_R5A3008.jpg,5,True
_R5A2902.jpg,2902,jednotlivci,zarazeno,Pavel Řeřucha,06_pavel-rerucha,5292,3780,8057535,False,/Users/giorgio/Documents/Přezletice 26/Originální fotky/01_kandidati/01_originalni_fotky/06_pavel-rerucha/pavel-rerucha__r5a2902.jpg,a8686d4d4dcccc4c,24.157,605ef03c33b65f62fe0f85d117d7b9cdd2a472f539dc19d98ccf3cfe72532341,,False,_R5A2903.jpg,4,True
_R5A2903.jpg,2903,jednotlivci,zarazeno,Pavel Řeřucha,06_pavel-rerucha,5473,3909,8012492,False,/Users/giorgio/Documents/Přezletice 26/Originální fotky/01_kandidati/01_originalni_fotky/06_pavel-rerucha/pavel-rerucha__r5a2903.jpg,c8e86dcd4dcccc4c,23.099,3b6c586eb733b11b495569585db4c901482df617ae41f48298ac991e647d43d9,,False,_R5A2905.jpg,2,True
_R5A2904.jpg,2904,jednotlivci,zarazeno,Pavel Řeřucha,06_pavel-rerucha,5200,3714,7249108,False,/Users/giorgio/Documents/Přezletice 26/Originální fotky/01_kandidati/01_originalni_fotky/06_pavel-rerucha/pavel-rerucha__r5a2904.jpg,88e9ed4d6dcccc4c,23.524,54053361eb7332c20498e1579c84c97574d6f0684fc9d767ff61eaadada9ffe1,,False,_R5A2895.jpg,5,True
_R5A2905.jpg,2905,jednotlivci,zarazeno,Pavel Řeřucha,06_pavel-rerucha,5454,3896,7919674,False,/Users/giorgio/Documents/Přezletice 26/Originální fotky/01_kandidati/01_originalni_fotky/06_pavel-rerucha/pavel-rerucha__r5a2905.jpg,c8e84d4d4dcccc4c,23.304,bb59817cab02643a0130c92cca62a368c1c47216c1e30401e285751035d7616b,,False,_R5A2903.jpg,2,True
_R5A2919.jpg,2919,jednotlivci,zarazeno,Jakub Tříska,10_jakub-triska,5175,3696,7055049,False,/Users/giorgio/Documents/Přezletice 26/Originální fotky/01_kandidati/01_originalni_fotky/10_jakub-triska/jakub-triska__r5a2919.jpg,e8e9c94d4dcccc4c,26.987,b1417533e432ea7ea5af12050a649aecf2ce067af985961e7d2b8ca08f30e9f9,,False,_R5A2920.jpg,3,True
_R5A2920.jpg,2920,jednotlivci,zarazeno,Jakub Tříska,10_jakub-triska,5522,3944,7994607,False,/Users/giorgio/Documents/Přezletice 26/Originální fotky/01_kandidati/01_originalni_fotky/10_jakub-triska/jakub-triska__r5a2920.jpg,e8e8c9494ccccc4c,26.890,38ac3b513f4a2386649d9d8517cc5961f25e905900676b5aa9caccaba4330f2f,,False,_R5A2919.jpg,3,True
_R5A2921.jpg,2921,jednotlivci,zarazeno,Jakub Tříska,10_jakub-triska,5334,3810,7286774,False,/Users/giorgio/Documents/Přezletice 26/Originální fotky/01_kandidati/01_originalni_fotky/10_jakub-triska/jakub-triska__r5a2921.jpg,e868c949cd8c8c0c,25.934,7223d39b535cd8e27831851c9b4e3ee592913de1aff876a683602b3b40a8a3ad,,False,photo by Josef Adlt_R5A2918.jpg,4,True
_R5A2922.jpg,2922,jednotlivci,zarazeno,Jakub Tříska,10_jakub-triska,5553,3966,7913492,False,/Users/giorgio/Documents/Přezletice 26/Originální fotky/01_kandidati/01_originalni_fotky/10_jakub-triska/jakub-triska__r5a2922.jpg,e8e8694dcccc4ccc,25.430,5c3bf2cf6a97873d9863f9b122d9892ba0d9b3706b00ea5f8830634bf91abf69,,False,_R5A2893.jpg,4,True
_R5A2923.jpg,2923,jednotlivci,zarazeno,Jakub Tříska,10_jakub-triska,4640,3314,5597271,False,/Users/giorgio/Documents/Přezletice 26/Originální fotky/01_kandidati/01_originalni_fotky/10_jakub-triska/jakub-triska__r5a2923.jpg,ecccccccdc9c8c8c,25.641,3ea781e6a3c834062285a131289084571ee9153ea4c4c05763de8402a57fd71c,,False,_R5A2883.jpg,4,True
_R5A2924.jpg,2924,jednotlivci,zarazeno,Jakub Tříska,10_jakub-triska,4918,3513,6175836,False,/Users/giorgio/Documents/Přezletice 26/Originální fotky/01_kandidati/01_originalni_fotky/10_jakub-triska/jakub-triska__r5a2924.jpg,e8cdc9ccdc9c8c8c,24.687,88da1dcc04a1fa261faa3423aa11e8c0314aa25bd6d757ebcec6d996fbbd65ff,,False,_R5A2923.jpg,4,True
_R5A2925.jpg,2925,jednotlivci,zarazeno,Jakub Tříska,10_jakub-triska,5048,3606,6633950,False,/Users/giorgio/Documents/Přezletice 26/Originální fotky/01_kandidati/01_originalni_fotky/10_jakub-triska/jakub-triska__r5a2925.jpg,e86c6ccccc9c8c8c,24.498,a22b44053ea2196a431586ffe489c53c244aa1b689e35df457b19d085b2db8c6,,False,_R5A2926.jpg,2,True
_R5A2926.jpg,2926,jednotlivci,zarazeno,Jakub Tříska,10_jakub-triska,5048,3606,6719736,False,/Users/giorgio/Documents/Přezletice 26/Originální fotky/01_kandidati/01_originalni_fotky/10_jakub-triska/jakub-triska__r5a2926.jpg,ec6ceccccc9c8c8c,24.711,afc764b4eba547b6f81df9ee2a8b47d03a86544fd13ab691c75944758680c279,,False,_R5A2925.jpg,2,True
_R5A2927.jpg,2927,jednotlivci,zarazeno,Jakub Tříska,10_jakub-triska,4408,3149,5033816,False,/Users/giorgio/Documents/Přezletice 26/Originální fotky/01_kandidati/01_originalni_fotky/10_jakub-triska/jakub-triska__r5a2927.jpg,2fcc6c4cdc9ccc8c,24.908,d7b92042557e387c91f36c23229cb2191d043fe42e8b39a09b404311ec3634e2,,False,_R5A2923.jpg,8,False
_R5A2928.jpg,2928,jednotlivci,zarazeno,Jakub Tříska,10_jakub-triska,4229,3021,4753456,False,/Users/giorgio/Documents/Přezletice 26/Originální fotky/01_kandidati/01_originalni_fotky/10_jakub-triska/jakub-triska__r5a2928.jpg,0ce9edcdcd4dcc4c,30.337,d3cf18e41560d0a41a804d5ce02121fe88debe28f06a87d070b1685f054f69c3,,False,_R5A2844.jpg,5,True
_R5A2933.jpg,2933,jednotlivci,zarazeno,Jan Káňa,05_jan-kana,5002,3573,7695312,False,/Users/giorgio/Documents/Přezletice 26/Originální fotky/01_kandidati/01_originalni_fotky/05_jan-kana/jan-kana__r5a2933.jpg,cc69696971d4d448,49.431,b118b16124345aec5cd6944e056d7ba20c755f14ec0663bd197286d39c9fb141,,False,_R5A2873.jpg,7,False
_R5A2934.jpg,2934,jednotlivci,zarazeno,Jan Káňa,05_jan-kana,5372,3837,9054932,False,/Users/giorgio/Documents/Přezletice 26/Originální fotky/01_kandidati/01_originalni_fotky/05_jan-kana/jan-kana__r5a2934.jpg,c868686160d4c448,42.399,62b71fbfa3ae2be912bd2fb903938f5cb973804b0e847c9afd9d48acc95d5357,,False,_R5A2870.jpg,6,False
_R5A2935.jpg,2935,jednotlivci,zarazeno,Jan Káňa,05_jan-kana,4112,2937,5703749,False,/Users/giorgio/Documents/Přezletice 26/Originální fotky/01_kandidati/01_originalni_fotky/05_jan-kana/jan-kana__r5a2935.jpg,c8cccccccecedada,37.688,1cf02fe37ba3ac1b0b5a702c5cc82987b08a75c4161ab1972458c3647df861e7,,False,photo by Josef Adlt_R5A2969.jpg,11,False
_R5A2937.jpg,2937,jednotlivci,zarazeno,Jan Káňa,05_jan-kana,4888,3491,8119189,False,/Users/giorgio/Documents/Přezletice 26/Originální fotky/01_kandidati/01_originalni_fotky/05_jan-kana/jan-kana__r5a2937.jpg,cccc6c4cf4dcdccc,58.355,b5d3cbfd8f208e1445d4c4029f23695724aed572eb5ab4beb41213821cbceb18,,False,_R5A2883.jpg,8,False
_R5A2938.jpg,2938,jednotlivci,zarazeno,Jan Káňa,05_jan-kana,4617,3298,7688999,False,/Users/giorgio/Documents/Přezletice 26/Originální fotky/01_kandidati/01_originalni_fotky/05_jan-kana/jan-kana__r5a2938.jpg,8c4ccc6c7c5c6c6c,45.507,a1ac3ab6f812edc2e41a1c19af07198aa267f0dc50e3a0793ce6aa3c265e5a6d,,False,photo by Josef Adlt_R5A2983.jpg,11,False
_R5A2941.jpg,2941,jednotlivci,zarazeno,Jan Káňa,05_jan-kana,5353,3824,8513634,False,/Users/giorgio/Documents/Přezletice 26/Originální fotky/01_kandidati/01_originalni_fotky/05_jan-kana/jan-kana__r5a2941.jpg,c8e9e96969f0d40c,45.540,869f98a459e0aae3cdf7d6b85abc76597d4a4db1159d79f3dd2947eb88f35322,,False,_R5A2942.jpg,2,True
_R5A2942.jpg,2942,jednotlivci,zarazeno,Jan Káňa,05_jan-kana,5415,3868,9000893,False,/Users/giorgio/Documents/Přezletice 26/Originální fotky/01_kandidati/01_originalni_fotky/05_jan-kana/jan-kana__r5a2942.jpg,c8e9e9e969f0d48c,47.450,bae0ffcb7ce2bf857cabda67dae24bc6b1119a0bce85afbb56386b93ea2bcc35,,False,_R5A2941.jpg,2,True
_R5A2943.jpg,2943,jednotlivci,zarazeno,Jan Káňa,05_jan-kana,5589,3992,9648462,False,/Users/giorgio/Documents/Přezletice 26/Originální fotky/01_kandidati/01_originalni_fotky/05_jan-kana/jan-kana__r5a2943.jpg,ccec6c6c7c74d48c,47.512,1aef42597c13985f9d1382d496cbffe146068d03c9bbd9898133807884cdaac0,,False,_R5A2898.jpg,9,False
_R5A2944.jpg,2944,jednotlivci,zarazeno,Jan Káňa,05_jan-kana,4511,3222,6631819,False,/Users/giorgio/Documents/Přezletice 26/Originální fotky/01_kandidati/01_originalni_fotky/05_jan-kana/jan-kana__r5a2944.jpg,c86c6c6c64708e84,45.102,b012daba7ae53dfb6637f287cd51413ca14a9cce23a4d8502a92ec9b00031d7c,,False,_R5A2945.jpg,4,True
_R5A2945.jpg,2945,jednotlivci,zarazeno,Jan Káňa,05_jan-kana,5034,3596,8063155,False,/Users/giorgio/Documents/Přezletice 26/Originální fotky/01_kandidati/01_originalni_fotky/05_jan-kana/jan-kana__r5a2945.jpg,c86c6c6c7478cec4,43.471,ee1287df627006ad6129ba48bf66b9b97bba561f642328af27f44fa32c93fd49,,False,_R5A2944.jpg,4,True
_R5A2997.jpg,2997,jednotlivci,zarazeno,Vojta Brož,11_vojta-broz,5432,3880,7610637,False,/Users/giorgio/Documents/Přezletice 26/Originální fotky/01_kandidati/01_originalni_fotky/11_vojta-broz/vojta-broz__r5a2997.jpg,886969cd4dcccccc,25.119,2222ad8530bf2fd61b1f7952abab0ff2ee972e6558d7eebca6050e24747dbf2f,,False,_R5A3001.jpg,2,True
_R5A2998.jpg,2998,jednotlivci,zarazeno,Vojta Brož,11_vojta-broz,5347,3819,7528689,False,/Users/giorgio/Documents/Přezletice 26/Originální fotky/01_kandidati/01_originalni_fotky/11_vojta-broz/vojta-broz__r5a2998.jpg,c8e9c9cdc9cccccc,25.897,d99f36f4f01ef671f9a6e35db401c759cec7a1ac028053d3b21431f84657d117,,False,_R5A3000.jpg,1,True
_R5A2999.jpg,2999,jednotlivci,zarazeno,Vojta Brož,11_vojta-broz,5372,3837,7469826,False,/Users/giorgio/Documents/Přezletice 26/Originální fotky/01_kandidati/01_originalni_fotky/11_vojta-broz/vojta-broz__r5a2999.jpg,e8e9c9cdcdcccccc,25.563,9bffd26133ccecaabca28466ec6377b5e893a1aa983eddd1970aa31fcc02f8ed,,False,_R5A2998.jpg,2,True
_R5A3000.jpg,3000,jednotlivci,zarazeno,Vojta Brož,11_vojta-broz,5347,3819,7065620,False,/Users/giorgio/Documents/Přezletice 26/Originální fotky/01_kandidati/01_originalni_fotky/11_vojta-broz/vojta-broz__r5a3000.jpg,c8e9c9cdc9cc8ccc,24.061,9bc7fc0bfc5372c5b0cde2ecfa896eb60957a722a64f43eabc2f186d0608b60c,,False,_R5A2998.jpg,1,True
_R5A3001.jpg,3001,jednotlivci,zarazeno,Vojta Brož,11_vojta-broz,5505,3932,7665337,False,/Users/giorgio/Documents/Přezletice 26/Originální fotky/01_kandidati/01_originalni_fotky/11_vojta-broz/vojta-broz__r5a3001.jpg,c86969cc4dcccccc,24.140,0c723525d0962d78aea9d3951078265c8e2f11ad9910f8bedda518c9af4cdd8d,,False,_R5A2997.jpg,2,True
_R5A3002.jpg,3002,jednotlivci,zarazeno,Vojta Brož,11_vojta-broz,5409,3864,7416615,False,/Users/giorgio/Documents/Přezletice 26/Originální fotky/01_kandidati/01_originalni_fotky/11_vojta-broz/vojta-broz__r5a3002.jpg,e8696dcc4dcccccc,23.219,ddeab24531271f02ebbe6432c4f3e467bfb97e9c8da616e96480bf9677100381,,False,_R5A3001.jpg,2,True
_R5A3003.jpg,3003,jednotlivci,zarazeno,Vojta Brož,11_vojta-broz,5409,3864,7470429,False,/Users/giorgio/Documents/Přezletice 26/Originální fotky/01_kandidati/01_originalni_fotky/11_vojta-broz/vojta-broz__r5a3003.jpg,c8e9e9cdcdcccccc,24.089,f19a2af75c0ab50ff69a184ebeac36860680e1c28694a8dfd50511704a04a379,,False,_R5A2998.jpg,2,True
_R5A3004.jpg,3004,jednotlivci,zarazeno,Vojta Brož,11_vojta-broz,5409,3864,7554730,False,/Users/giorgio/Documents/Přezletice 26/Originální fotky/01_kandidati/01_originalni_fotky/11_vojta-broz/vojta-broz__r5a3004.jpg,ec6ce4c4cc948ecc,28.035,45c6bae2cb0a59f4e05c19697e1c599353cba7dbf9d26c1d7ee76d1d755234e1,,False,_R5A2926.jpg,5,True
_R5A3005.jpg,3005,jednotlivci,zarazeno,Vojta Brož,11_vojta-broz,5409,3864,7819698,False,/Users/giorgio/Documents/Přezletice 26/Originální fotky/01_kandidati/01_originalni_fotky/11_vojta-broz/vojta-broz__r5a3005.jpg,ccccecc4c4dc948c,27.639,8008ff6eb423eb926a6c4dac96f93e7a3f0eb1beaadd73ae3f2166637d02edeb,,False,_R5A2883.jpg,6,False
_R5A3006.jpg,3006,jednotlivci,zarazeno,Vojta Brož,11_vojta-broz,5409,3864,7613053,False,/Users/giorgio/Documents/Přezletice 26/Originální fotky/01_kandidati/01_originalni_fotky/11_vojta-broz/vojta-broz__r5a3006.jpg,e8edecccdc948ccc,28.146,74f21319df9880cf5df005055a2bca52b49105b0589f2daff28d5a9096d9c735,,False,_R5A2923.jpg,6,False
_R5A3008.jpg,3008,jednotlivci,zarazeno,Vojta Brož,11_vojta-broz,5222,3730,6895867,False,/Users/giorgio/Documents/Přezletice 26/Originální fotky/01_kandidati/01_originalni_fotky/11_vojta-broz/vojta-broz__r5a3008.jpg,c8cce8ccccd484cc,27.486,75e287c08ac395c3ce8f42798f1f619e889c34e6adeccba1374122843c36816e,,False,_R5A2901.jpg,5,True
_R5A3010.jpg,3010,jednotlivci,zarazeno,Jan Macourek,02_jan-macourek,5413,3866,8234200,False,/Users/giorgio/Documents/Přezletice 26/Originální fotky/01_kandidati/01_originalni_fotky/02_jan-macourek/jan-macourek__r5a3010.jpg,e868686c60d2cecc,21.452,7abf18f96f186084d1afddba8d40272faa774d43b6373e2f6cdd9d8463686aaf,,False,_R5A3012.jpg,5,True
_R5A3011.jpg,3011,jednotlivci,zarazeno,Jan Macourek,02_jan-macourek,5413,3866,8392167,False,/Users/giorgio/Documents/Přezletice 26/Originální fotky/01_kandidati/01_originalni_fotky/02_jan-macourek/jan-macourek__r5a3011.jpg,e8ec6cece8d0cace,22.156,697928c80c0043ed34ba8807e3564fb35f42182de86b9c2af1e25c3b85240fb6,,False,_R5A3013.jpg,1,True
_R5A3012.jpg,3012,jednotlivci,zarazeno,Jan Macourek,02_jan-macourek,5413,3866,8359517,False,/Users/giorgio/Documents/Přezletice 26/Originální fotky/01_kandidati/01_originalni_fotky/02_jan-macourek/jan-macourek__r5a3012.jpg,e86868e8e892cecc,21.956,ec213df4e04ac4f65b2f708b44fcc4c13db0ad0ea1a22e376faca5d98559b8f5,,False,_R5A3010.jpg,5,True
_R5A3013.jpg,3013,jednotlivci,zarazeno,Jan Macourek,02_jan-macourek,5413,3866,8468448,False,/Users/giorgio/Documents/Přezletice 26/Originální fotky/01_kandidati/01_originalni_fotky/02_jan-macourek/jan-macourek__r5a3013.jpg,e8ec6cece8d0cbce,22.309,1bbc19072218c0b9330303891e8b2ca98cdc9cf65db41d3d712dccdab59f9d7f,,False,_R5A3011.jpg,1,True
_R5A3014.jpg,3014,jednotlivci,zarazeno,Jan Macourek,02_jan-macourek,5413,3866,8027700,False,/Users/giorgio/Documents/Přezletice 26/Originální fotky/01_kandidati/01_originalni_fotky/02_jan-macourek/jan-macourek__r5a3014.jpg,e86c6cececf49ecc,20.486,7c407ff507a7e08ff22645606c027e7eeab6473359fa2359888d376de5c42ddc,,True,_R5A3015.jpg,6,False
_R5A3015.jpg,3015,jednotlivci,zarazeno,Jan Macourek,02_jan-macourek,5081,3629,7264010,False,/Users/giorgio/Documents/Přezletice 26/Originální fotky/01_kandidati/01_originalni_fotky/02_jan-macourek/jan-macourek__r5a3015.jpg,ececececc4d49ecc,21.111,c09a322594364b798d03be7cc9f83d9e0c23ecc1710c3a378ad1e7da46e049fb,,False,_R5A2875.jpg,6,False
_R5A3016.jpg,3016,jednotlivci,zarazeno,Jan Macourek,02_jan-macourek,4881,3486,6466574,False,/Users/giorgio/Documents/Přezletice 26/Originální fotky/01_kandidati/01_originalni_fotky/02_jan-macourek/jan-macourek__r5a3016.jpg,c8ccc8ccd4d41c8c,20.402,d1c3c17ac937c0514a8ab6f547fb3af9b6ee24a30255597b86a2064fa33e46c4,,True,_R5A2883.jpg,6,False
photo by Josef Adlt_R5A2907.jpg,2907,jednotlivci,zarazeno,Romana Bernardová,03_romana-bernardova,4990,3564,7628114,False,/Users/giorgio/Documents/Přezletice 26/Originální fotky/01_kandidati/01_originalni_fotky/03_romana-bernardova/romana-bernardova__r5a2907.jpg,c86868484ccc0c4c,165.664,b3ef0840e1b6c04233beae0a294b917ae23317049d42b91c07bc3c8de69da667,,False,_R5A2893.jpg,6,False
photo by Josef Adlt_R5A2908.jpg,2908,jednotlivci,zarazeno,Romana Bernardová,03_romana-bernardova,5405,3861,9223497,False,/Users/giorgio/Documents/Přezletice 26/Originální fotky/01_kandidati/01_originalni_fotky/03_romana-bernardova/romana-bernardova__r5a2908.jpg,c8cdccccdc86968c,224.521,702d2935eaf36244c2dbf12b8beab65753bff8d610210f6d16541f08dd9fc480,,False,photo by Josef Adlt_R5A2911.jpg,5,True
photo by Josef Adlt_R5A2909.jpg,2909,jednotlivci,zarazeno,Romana Bernardová,03_romana-bernardova,5179,3699,8351952,False,/Users/giorgio/Documents/Přezletice 26/Originální fotky/01_kandidati/01_originalni_fotky/03_romana-bernardova/romana-bernardova__r5a2909.jpg,e8694c4ccc969e8c,211.061,1e1b05233a32fa9c06c4c892692b9d4fa7b2fed6cf94a9b4bdab4f2957c7d124,,False,photo by Josef Adlt_R5A2911.jpg,4,True
photo by Josef Adlt_R5A2910.jpg,2910,jednotlivci,zarazeno,Romana Bernardová,03_romana-bernardova,5151,3679,8130314,False,/Users/giorgio/Documents/Přezletice 26/Originální fotky/01_kandidati/01_originalni_fotky/03_romana-bernardova/romana-bernardova__r5a2910.jpg,9991898b9b1410cc,212.412,fac71393ab8709819433a16281942c9e1701b29b15099f8ad0a712b3d3798135,,False,_R5A2885.jpg,20,False
photo by Josef Adlt_R5A2911.jpg,2911,jednotlivci,zarazeno,Romana Bernardová,03_romana-bernardova,5030,3593,7926128,False,/Users/giorgio/Documents/Přezletice 26/Originální fotky/01_kandidati/01_originalni_fotky/03_romana-bernardova/romana-bernardova__r5a2911.jpg,e849cccccc96968c,221.667,161ce9fa3ae78dd9811b0fda6c80d2c85726f7f3a462e4323eaaa6a71ac46d6d,,False,photo by Josef Adlt_R5A2909.jpg,4,True
photo by Josef Adlt_R5A2912.jpg,2912,jednotlivci,zarazeno,Romana Bernardová,03_romana-bernardova,5302,3787,8673327,False,/Users/giorgio/Documents/Přezletice 26/Originální fotky/01_kandidati/01_originalni_fotky/03_romana-bernardova/romana-bernardova__r5a2912.jpg,e86cec4c9c8c8c8c,216.348,6a875caffc238e1dcae11eb5629e8d7f8f04c799d9cb31aada324fccd065f2d0,,False,_R5A2925.jpg,5,True
photo by Josef Adlt_R5A2913.jpg,2913,jednotlivci,zarazeno,Romana Bernardová,03_romana-bernardova,5311,3794,8635090,False,/Users/giorgio/Documents/Přezletice 26/Originální fotky/01_kandidati/01_originalni_fotky/03_romana-bernardova/romana-bernardova__r5a2913.jpg,c8c9c9cc9c8c8c8c,217.917,64560d9c0e3fae954bc17c0914969bcc0511d02ec37da200b5c634a775abc528,,False,_R5A2924.jpg,4,True
photo by Josef Adlt_R5A2914.jpg,2914,jednotlivci,zarazeno,Romana Bernardová,03_romana-bernardova,5274,3767,8427316,False,/Users/giorgio/Documents/Přezletice 26/Originální fotky/01_kandidati/01_originalni_fotky/03_romana-bernardova/romana-bernardova__r5a2914.jpg,e86949c9dd8c8c9c,218.107,5f584ea83f4b0ffef3cac47cdf8bb240cfc006de7f61e7b6764d0a4bab152a59,,False,photo by Josef Adlt_R5A2918.jpg,4,True
photo by Josef Adlt_R5A2915.jpg,2915,jednotlivci,zarazeno,Romana Bernardová,03_romana-bernardova,5118,3656,7814532,False,/Users/giorgio/Documents/Přezletice 26/Originální fotky/01_kandidati/01_originalni_fotky/03_romana-bernardova/romana-bernardova__r5a2915.jpg,c86849cccccc8c8c,191.103,3d84ac892aaaaa09c88b24eab51c788644d19de4e11c6a2c53ec60ad33b0b511,,False,_R5A3001.jpg,6,False
photo by Josef Adlt_R5A2917.jpg,2917,jednotlivci,zarazeno,Romana Bernardová,03_romana-bernardova,5249,3749,8445537,False,/Users/giorgio/Documents/Přezletice 26/Originální fotky/01_kandidati/01_originalni_fotky/03_romana-bernardova/romana-bernardova__r5a2917.jpg,e869494d4d8ccc4c,194.826,2cab4505939181c07a8ddb5855b990872ddbea8834701c4d109eac43998bb6e5,,False,_R5A2919.jpg,3,True
photo by Josef Adlt_R5A2918.jpg,2918,jednotlivci,zarazeno,Romana Bernardová,03_romana-bernardova,5223,3731,8275758,False,/Users/giorgio/Documents/Přezletice 26/Originální fotky/01_kandidati/01_originalni_fotky/03_romana-bernardova/romana-bernardova__r5a2918.jpg,e869494dcd8c8c8c,210.131,1f8d789f50d9116ded9e846ad7b1aff8ed43949c64a8ac168a157cbe0e29c894,,False,_R5A2921.jpg,4,True
photo by Josef Adlt_R5A2946.jpg,2946,jednotlivci,zarazeno,Jan Káňa,05_jan-kana,5543,3959,9773652,False,/Users/giorgio/Documents/Přezletice 26/Originální fotky/01_kandidati/01_originalni_fotky/05_jan-kana/jan-kana__r5a2946.jpg,c84c69e8f0d88ea0,44.225,eb1a825a4766c7980631e11bd70682fb19aeb1327361420d1dcbbc3b1b61ee64,,False,_R5A2884.jpg,12,False
photo by Josef Adlt_R5A2947.jpg,2947,jednotlivci,zarazeno,Jan Káňa,05_jan-kana,4710,3364,6985505,False,/Users/giorgio/Documents/Přezletice 26/Originální fotky/01_kandidati/01_originalni_fotky/05_jan-kana/jan-kana__r5a2947.jpg,cce9e9f969ecd084,45.125,f4c3da8a4d74c6baac1d288f6d4941bebb7bb9b3a79386fb858bc8cdf778f2e7,,False,photo by Josef Adlt_R5A2948.jpg,5,True
photo by Josef Adlt_R5A2948.jpg,2948,jednotlivci,zarazeno,Jan Káňa,05_jan-kana,4892,3494,7268375,False,/Users/giorgio/Documents/Přezletice 26/Originální fotky/01_kandidati/01_originalni_fotky/05_jan-kana/jan-kana__r5a2948.jpg,cce9697969ecd40c,43.849,19dc9f6b03c5a646f9474454349a8af706aae7bfc2d294b73e7d91f2e399cb7d,,False,photo by Josef Adlt_R5A2947.jpg,5,True
photo by Josef Adlt_R5A2949.jpg,2949,jednotlivci,zarazeno,Lenka Bulová,04_lenka-bulova,3491,4887,8327250,False,/Users/giorgio/Documents/Přezletice 26/Originální fotky/01_kandidati/01_originalni_fotky/04_lenka-bulova/lenka-bulova__r5a2949.jpg,ed6971f2a84a0906,36.098,843449d40dfd8ec92d0bca4845699f2eb9c83b6debb202a754345c974c94167f,,False,photo by Josef Adlt_R5A2951.jpg,21,False
photo by Josef Adlt_R5A2950.jpg,2950,jednotlivci,zarazeno,Lenka Bulová,04_lenka-bulova,5214,3724,8159565,False,/Users/giorgio/Documents/Přezletice 26/Originální fotky/01_kandidati/01_originalni_fotky/04_lenka-bulova/lenka-bulova__r5a2950.jpg,e8ed696969f494c0,22.997,26d5729acd2cb5ccd1d86413f8605ceca6f35af6a8e15433fbb0f3aaa1aab270,,False,photo by Josef Adlt_R5A2954.jpg,8,False
photo by Josef Adlt_R5A2951.jpg,2951,jednotlivci,zarazeno,Lenka Bulová,04_lenka-bulova,5214,3724,8611936,False,/Users/giorgio/Documents/Přezletice 26/Originální fotky/01_kandidati/01_originalni_fotky/04_lenka-bulova/lenka-bulova__r5a2951.jpg,e821b1f1c400828e,38.395,ddc42f316cdf5d2b2fa9f7600c2c4a9e71a55e9022d7722e8f053a6242fec861,,False,photo by Josef Adlt_R5A2958.jpg,9,False
photo by Josef Adlt_R5A2952.jpg,2952,jednotlivci,zarazeno,Lenka Bulová,04_lenka-bulova,5270,3764,8028366,False,/Users/giorgio/Documents/Přezletice 26/Originální fotky/01_kandidati/01_originalni_fotky/04_lenka-bulova/lenka-bulova__r5a2952.jpg,e9e9e969f4d684f8,22.211,8cb22e8b810371ec40193c2168334ea37ce2d438f896263fb66ca41de0a21825,,False,photo by Josef Adlt_R5A2954.jpg,10,False
photo by Josef Adlt_R5A2954.jpg,2954,jednotlivci,zarazeno,Lenka Bulová,04_lenka-bulova,5270,3764,7818789,False,/Users/giorgio/Documents/Přezletice 26/Originální fotky/01_kandidati/01_originalni_fotky/04_lenka-bulova/lenka-bulova__r5a2954.jpg,e8ede96965d48420,20.615,bff4045b5b30275c9687c08b3e4e8b6b16bba2948fb45a5a8852e4982b49a23a,,False,photo by Josef Adlt_R5A2950.jpg,8,False
photo by Josef Adlt_R5A2955.jpg,2955,jednotlivci,zarazeno,Lenka Bulová,04_lenka-bulova,5270,3764,8111589,False,/Users/giorgio/Documents/Přezletice 26/Originální fotky/01_kandidati/01_originalni_fotky/04_lenka-bulova/lenka-bulova__r5a2955.jpg,ec6c4cdcf4e49cc8,21.632,340f37082364c9cf65063600489d9f5b16caf3e5d3f767f337f46233acd0f795,,False,photo by Josef Adlt_R5A2956.jpg,7,False
photo by Josef Adlt_R5A2956.jpg,2956,jednotlivci,zarazeno,Lenka Bulová,04_lenka-bulova,5270,3764,8042044,False,/Users/giorgio/Documents/Přezletice 26/Originální fotky/01_kandidati/01_originalni_fotky/04_lenka-bulova/lenka-bulova__r5a2956.jpg,ececccccf4c4cce8,21.681,03e99e13631f3a57832f47e2a8793277b194ee2ce8d7778b9585939e7b09465f,,False,photo by Josef Adlt_R5A2955.jpg,7,False
photo by Josef Adlt_R5A2958.jpg,2958,jednotlivci,zarazeno,Lenka Bulová,04_lenka-bulova,5327,3805,8489874,False,/Users/giorgio/Documents/Přezletice 26/Originální fotky/01_kandidati/01_originalni_fotky/04_lenka-bulova/lenka-bulova__r5a2958.jpg,e8a1b3e9c4909282,38.874,72fa8917c2e782139999fdc23949bf9261102bcd114aba46779708c673ac638a,,False,photo by Josef Adlt_R5A2951.jpg,9,False
photo by Josef Adlt_R5A2959.jpg,2959,jednotlivci,zarazeno,Lenka Bulová,04_lenka-bulova,5095,3639,7516188,False,/Users/giorgio/Documents/Přezletice 26/Originální fotky/01_kandidati/01_originalni_fotky/04_lenka-bulova/lenka-bulova__r5a2959.jpg,eccccccce0969cc8,21.774,a4502a127886db874a4fa928537495627eac0bcff3a8b1a6f181dc200c3b62c9,,False,_R5A2879.jpg,9,False
photo by Josef Adlt_R5A2960.jpg,2960,jednotlivci,zarazeno,Lenka Bulová,04_lenka-bulova,5327,3805,7903313,False,/Users/giorgio/Documents/Přezletice 26/Originální fotky/01_kandidati/01_originalni_fotky/04_lenka-bulova/lenka-bulova__r5a2960.jpg,e849c8e8e0c6ccb0,19.470,76e8686a00bb6d2c7765375dedae5e5864d2bca838aac998b80a57f40f4eaca9,,True,photo by Josef Adlt_R5A2961.jpg,7,False
photo by Josef Adlt_R5A2961.jpg,2961,jednotlivci,zarazeno,Lenka Bulová,04_lenka-bulova,5265,3761,7744645,False,/Users/giorgio/Documents/Přezletice 26/Originální fotky/01_kandidati/01_originalni_fotky/04_lenka-bulova/lenka-bulova__r5a2961.jpg,e8c9c8c9e8c2cef0,19.302,6a23c7741fbc204e8f238c7ad60b8c53da2c043d29e47115f764724a1afd91b0,,True,photo by Josef Adlt_R5A2962.jpg,2,True
photo by Josef Adlt_R5A2962.jpg,2962,jednotlivci,zarazeno,Lenka Bulová,04_lenka-bulova,5265,3761,7782049,False,/Users/giorgio/Documents/Přezletice 26/Originální fotky/01_kandidati/01_originalni_fotky/04_lenka-bulova/lenka-bulova__r5a2962.jpg,e8c9ccc8e8c2cef0,19.570,f9f44d48f0cedc26b416ab1d13aad1198d87df1c4db569ea32ea242334043649,,True,photo by Josef Adlt_R5A2961.jpg,2,True
photo by Josef Adlt_R5A2963.jpg,2963,jednotlivci,zarazeno,Lenka Bulová,04_lenka-bulova,5265,3761,7962192,False,/Users/giorgio/Documents/Přezletice 26/Originální fotky/01_kandidati/01_originalni_fotky/04_lenka-bulova/lenka-bulova__r5a2963.jpg,c8c9c8c9c8d2cee0,19.734,eb6988ccb7f664fc49570e9da93de049fd6aaa1ac0247f999c859b29b3c2186e,,True,photo by Josef Adlt_R5A2961.jpg,4,True
photo by Josef Adlt_R5A2964.jpg,2964,jednotlivci,zarazeno,Lenka Bulová,04_lenka-bulova,5258,3756,7923484,False,/Users/giorgio/Documents/Přezletice 26/Originální fotky/01_kandidati/01_originalni_fotky/04_lenka-bulova/lenka-bulova__r5a2964.jpg,e8ccccece4c8c6e4,19.418,ffa6bc4cb2d31f02dd54e5be230f35522e315e92d4ddf555c37475e212ebd4b3,,True,_R5A2879.jpg,10,False
photo by Josef Adlt_R5A2965.jpg,2965,jednotlivci,zarazeno,Lenka Bulová,04_lenka-bulova,5600,4000,9597891,False,/Users/giorgio/Documents/Přezletice 26/Originální fotky/01_kandidati/01_originalni_fotky/04_lenka-bulova/lenka-bulova__r5a2965.jpg,c8c9c9e8d9ceecf0,19.184,3c100e78b24e56fcc06ce6cc3d34e7f5bffbcec037b7c037f0ee1f63b61f8931,,True,photo by Josef Adlt_R5A2973.jpg,9,False
photo by Josef Adlt_R5A2966.jpg,2966,jednotlivci,zarazeno,Lenka Bulová,04_lenka-bulova,5219,3728,7734198,False,/Users/giorgio/Documents/Přezletice 26/Originální fotky/01_kandidati/01_originalni_fotky/04_lenka-bulova/lenka-bulova__r5a2966.jpg,e8eded6868d6d818,19.078,d559d37a228a0bdda1544c224cef4534a628b1dd91518f1ba44f754545d6eea9,,True,photo by Josef Adlt_R5A2968.jpg,6,False
photo by Josef Adlt_R5A2967.jpg,2967,jednotlivci,zarazeno,Lenka Bulová,04_lenka-bulova,5518,3941,8526956,False,/Users/giorgio/Documents/Přezletice 26/Originální fotky/01_kandidati/01_originalni_fotky/04_lenka-bulova/lenka-bulova__r5a2967.jpg,e8e9e96959d4d8b0,20.289,e610cd1b3cbb36b7ad6cbd3d1cfd75aae72e1f6d0e3042fe8ad883176c67de9b,,True,photo by Josef Adlt_R5A2968.jpg,6,False
photo by Josef Adlt_R5A2968.jpg,2968,jednotlivci,zarazeno,Lenka Bulová,04_lenka-bulova,5099,3642,7472449,False,/Users/giorgio/Documents/Přezletice 26/Originální fotky/01_kandidati/01_originalni_fotky/04_lenka-bulova/lenka-bulova__r5a2968.jpg,e869e96969d6d810,20.357,8d6439f88210e53018e97b96b57580eb9f63d6aee265c4b60d83d90893122ef6,,True,photo by Josef Adlt_R5A2966.jpg,6,False
photo by Josef Adlt_R5A2969.jpg,2969,jednotlivci,zarazeno,Lenka Bulová,04_lenka-bulova,5053,3609,7487585,False,/Users/giorgio/Documents/Přezletice 26/Originální fotky/01_kandidati/01_originalni_fotky/04_lenka-bulova/lenka-bulova__r5a2969.jpg,ccccccc4c4c4d458,23.191,3600ae30f508b3f8432640d26526402df6adb185b8781c4ddad4c9944eacd657,,False,photo by Josef Adlt_R5A2970.jpg,1,True
photo by Josef Adlt_R5A2970.jpg,2970,jednotlivci,zarazeno,Lenka Bulová,04_lenka-bulova,4895,3496,6871383,False,/Users/giorgio/Documents/Přezletice 26/Originální fotky/01_kandidati/01_originalni_fotky/04_lenka-bulova/lenka-bulova__r5a2970.jpg,ccccccc4c4c49458,21.220,89016310381ecc1dd6ca05772d2cb26bb986109443f142e2bc917143121d8cff,,False,photo by Josef Adlt_R5A2969.jpg,1,True
photo by Josef Adlt_R5A2971.jpg,2971,jednotlivci,zarazeno,Lenka Bulová,04_lenka-bulova,4736,3383,6258550,False,/Users/giorgio/Documents/Přezletice 26/Originální fotky/01_kandidati/01_originalni_fotky/04_lenka-bulova/lenka-bulova__r5a2971.jpg,e84c4dcce8f88ace,22.968,751c01c698d2164db281f734c4ecd802bd49a61af6201e284c1e1455eb4d58a0,,False,_R5A3011.jpg,8,False
photo by Josef Adlt_R5A2972.jpg,2972,jednotlivci,zarazeno,Lenka Bulová,04_lenka-bulova,5279,3771,7767685,False,/Users/giorgio/Documents/Přezletice 26/Originální fotky/01_kandidati/01_originalni_fotky/04_lenka-bulova/lenka-bulova__r5a2972.jpg,c8c8c8c8c8ca86a0,18.379,840bee63596f9d8d84ae3c9990a8c018686638591afcb034619b16b20a5104d5,,True,photo by Josef Adlt_R5A2963.jpg,7,False
photo by Josef Adlt_R5A2973.jpg,2973,jednotlivci,zarazeno,Lenka Bulová,04_lenka-bulova,5094,3639,7455631,False,/Users/giorgio/Documents/Přezletice 26/Originální fotky/01_kandidati/01_originalni_fotky/04_lenka-bulova/lenka-bulova__r5a2973.jpg,c8c9c9c9d9c886b0,18.755,82b797a4952b180700a1a93b21cd65fecb5136a1cd926da714e7a058bceab367,,True,photo by Josef Adlt_R5A2972.jpg,7,False
photo by Josef Adlt_R5A2974.jpg,2974,jednotlivci,zarazeno,Lenka Brožová,09_lenka-brozova,4996,3569,7151803,False,/Users/giorgio/Documents/Přezletice 26/Originální fotky/01_kandidati/01_originalni_fotky/09_lenka-brozova/lenka-brozova__r5a2974.jpg,e86c686c6cccc446,173.964,21dcd6b2d510c6cc48994b9ab1a6ea3125432026c7bc0f4e43137faac04a4b18,,False,photo by Josef Adlt_R5A2983.jpg,5,True
photo by Josef Adlt_R5A2975.jpg,2975,jednotlivci,zarazeno,Lenka Brožová,09_lenka-brozova,5354,3824,8049829,False,/Users/giorgio/Documents/Přezletice 26/Originální fotky/01_kandidati/01_originalni_fotky/09_lenka-brozova/lenka-brozova__r5a2975.jpg,e8e9e96d6dccc44e,166.222,d4072850bba1a23eee61805c0bd49698b922db7108683a64ef98069d4e12f0e8,,False,_R5A2919.jpg,5,True
photo by Josef Adlt_R5A2976.jpg,2976,jednotlivci,zarazeno,Lenka Brožová,09_lenka-brozova,5130,3664,7548707,False,/Users/giorgio/Documents/Přezletice 26/Originální fotky/01_kandidati/01_originalni_fotky/09_lenka-brozova/lenka-brozova__r5a2976.jpg,ecececec6cccc606,171.042,af2c9e6d242c3d72126801e56cb5bfe7a0adffb39bb4bf67323a5b84d50903fd,,False,photo by Josef Adlt_R5A2974.jpg,7,False
photo by Josef Adlt_R5A2979.jpg,2979,jednotlivci,zarazeno,Lenka Brožová,09_lenka-brozova,5540,3957,9510533,False,/Users/giorgio/Documents/Přezletice 26/Originální fotky/01_kandidati/01_originalni_fotky/09_lenka-brozova/lenka-brozova__r5a2979.jpg,e9e9e9694dcccccc,142.356,20e6923867cb5cce4d264d495e7e61e713228c608edb762fb06cd9fc6650b04a,,False,photo by Josef Adlt_R5A2980.jpg,3,True
photo by Josef Adlt_R5A2980.jpg,2980,jednotlivci,zarazeno,Lenka Brožová,09_lenka-brozova,5181,3701,7475534,False,/Users/giorgio/Documents/Přezletice 26/Originální fotky/01_kandidati/01_originalni_fotky/09_lenka-brozova/lenka-brozova__r5a2980.jpg,c9e9e96949cccc4c,131.967,2277953039f983fe718a78e3ad33c46b7675b218c14995283e1eca8760cd1b83,,False,photo by Josef Adlt_R5A2981.jpg,0,True
photo by Josef Adlt_R5A2981.jpg,2981,jednotlivci,zarazeno,Lenka Brožová,09_lenka-brozova,5181,3701,7434740,False,/Users/giorgio/Documents/Přezletice 26/Originální fotky/01_kandidati/01_originalni_fotky/09_lenka-brozova/lenka-brozova__r5a2981.jpg,c9e9e96949cccc4c,134.008,65083d566519056f3ad54ce0f2a492ec830944f8b58d19cb24f8e258c9721a2c,,False,photo by Josef Adlt_R5A2980.jpg,0,True
photo by Josef Adlt_R5A2982.jpg,2982,jednotlivci,zarazeno,Lenka Brožová,09_lenka-brozova,5124,3660,6922707,False,/Users/giorgio/Documents/Přezletice 26/Originální fotky/01_kandidati/01_originalni_fotky/09_lenka-brozova/lenka-brozova__r5a2982.jpg,e9c9c9c9c9cccccc,127.347,9df21e7f6763e4e26c7bae6b410b13072c86d1e523818b55f4a4ea5e35116136,,False,_R5A2998.jpg,4,True
photo by Josef Adlt_R5A2983.jpg,2983,jednotlivci,zarazeno,Lenka Brožová,09_lenka-brozova,5124,3660,7008325,False,/Users/giorgio/Documents/Přezletice 26/Originální fotky/01_kandidati/01_originalni_fotky/09_lenka-brozova/lenka-brozova__r5a2983.jpg,e86cec6c6ccccc4c,135.370,642bb8dc5ad07c16eb4f541eb2501111ecafb92bb3c0340f2324002e6e9f56a2,,False,photo by Josef Adlt_R5A2993.jpg,0,True
photo by Josef Adlt_R5A2984.jpg,2984,jednotlivci,zarazeno,Lenka Brožová,09_lenka-brozova,5103,3645,6977505,False,/Users/giorgio/Documents/Přezletice 26/Originální fotky/01_kandidati/01_originalni_fotky/09_lenka-brozova/lenka-brozova__r5a2984.jpg,e86c6c6c48cccc4c,134.587,eb7792ef4bcacee6d4be882919b518bede1c850cbccfe1680b0b5b324054cd5d,,False,photo by Josef Adlt_R5A2992.jpg,2,True
photo by Josef Adlt_R5A2988.jpg,2988,jednotlivci,zarazeno,Lenka Brožová,09_lenka-brozova,5180,3700,7197678,False,/Users/giorgio/Documents/Přezletice 26/Originální fotky/01_kandidati/01_originalni_fotky/09_lenka-brozova/lenka-brozova__r5a2988.jpg,e86cec6c4ccccccc,137.876,82914689813dd167e613808f899472c60fc9651bf3a98b8e8c8fe87ae51027a2,,False,photo by Josef Adlt_R5A2992.jpg,1,True
photo by Josef Adlt_R5A2990.jpg,2990,jednotlivci,zarazeno,Lenka Brožová,09_lenka-brozova,4886,3490,6585777,False,/Users/giorgio/Documents/Přezletice 26/Originální fotky/01_kandidati/01_originalni_fotky/09_lenka-brozova/lenka-brozova__r5a2990.jpg,e86c6c6c4c4ccccc,186.569,7db541b056ecd28c90e2b2bc07d358bf683690bf5423ba8ae87f6ce26a08770c,,False,photo by Josef Adlt_R5A2988.jpg,2,True
photo by Josef Adlt_R5A2992.jpg,2992,jednotlivci,zarazeno,Lenka Brožová,09_lenka-brozova,5090,3636,7009177,False,/Users/giorgio/Documents/Přezletice 26/Originální fotky/01_kandidati/01_originalni_fotky/09_lenka-brozova/lenka-brozova__r5a2992.jpg,e86cec6c4ccccc4c,161.416,1278ef6790df0533a8e25338b4a1cdd2e5fb39455879aac6f1461c5ac5ecdd77,,False,photo by Josef Adlt_R5A2983.jpg,1,True
photo by Josef Adlt_R5A2993.jpg,2993,jednotlivci,zarazeno,Lenka Brožová,09_lenka-brozova,5345,3818,7630103,False,/Users/giorgio/Documents/Přezletice 26/Originální fotky/01_kandidati/01_originalni_fotky/09_lenka-brozova/lenka-brozova__r5a2993.jpg,e86cec6c6ccccc4c,152.420,eb6184d413a1405620e5f171332dc23f9f149c9160ed9a5475a2758dcde1bb09,,False,photo by Josef Adlt_R5A2983.jpg,0,True
photo by Josef Adlt_R5A2994.jpg,2994,jednotlivci,zarazeno,Lenka Brožová,09_lenka-brozova,5345,3818,7725278,False,/Users/giorgio/Documents/Přezletice 26/Originální fotky/01_kandidati/01_originalni_fotky/09_lenka-brozova/lenka-brozova__r5a2994.jpg,e869e84849cc8c0c,156.447,cc6825abe8548bfaf9c91c8b3b58bbc9794b5016f391e5a7466b703c1eab10ae,,False,photo by Josef Adlt_R5A2996.jpg,5,True
photo by Josef Adlt_R5A2995.jpg,2995,jednotlivci,zarazeno,Lenka Brožová,09_lenka-brozova,5345,3818,7856398,False,/Users/giorgio/Documents/Přezletice 26/Originální fotky/01_kandidati/01_originalni_fotky/09_lenka-brozova/lenka-brozova__r5a2995.jpg,e86cec4c4ccc8c0c,164.809,d382dfcba75cd495ade9dcae5b9893732b220e6703e49fc9328b57d350141920,,False,photo by Josef Adlt_R5A2992.jpg,3,True
photo by Josef Adlt_R5A2996.jpg,2996,jednotlivci,zarazeno,Lenka Brožová,09_lenka-brozova,5307,3791,7562282,False,/Users/giorgio/Documents/Přezletice 26/Originální fotky/01_kandidati/01_originalni_fotky/09_lenka-brozova/lenka-brozova__r5a2996.jpg,e868e84c48cc9c8c,158.560,c08f267a960ec1fee8fa11d70eaa93fa7a17d83f49bb2e7e49d69eae0f9c9c8e,,False,photo by Josef Adlt_R5A2994.jpg,5,True
_R5A2780.jpg,2780,tym-a-prapor,zarazeno,Tým Přezleťáků,12_tym-a-prapor,4730,3153,8039681,False,/Users/giorgio/Documents/Přezletice 26/Originální fotky/01_kandidati/01_originalni_fotky/12_tym-a-prapor/tym-a-prapor__r5a2780.jpg,f0662c313121c541,178.390,aa1d8c8fe05d2c35dfce5748367168899d804ee7ce7feca64f12351512cb65db,,False,_R5A2781.jpg,16,False
_R5A2781.jpg,2781,tym-a-prapor,zarazeno,Tým Přezleťáků,12_tym-a-prapor,4988,3325,9562883,False,/Users/giorgio/Documents/Přezletice 26/Originální fotky/01_kandidati/01_originalni_fotky/12_tym-a-prapor/tym-a-prapor__r5a2781.jpg,e02c3931696584c0,160.592,95c7a3ff30b643384f9dbe1f87971034c6c87eb5ad69cab35b73c2ab674bca32,,False,photo by Josef Adlt_R5A2950.jpg,13,False
_R5A2782.jpg,2782,tym-a-prapor,zarazeno,Tým Přezleťáků,12_tym-a-prapor,5017,3345,9853879,False,/Users/giorgio/Documents/Přezletice 26/Originální fotky/01_kandidati/01_originalni_fotky/12_tym-a-prapor/tym-a-prapor__r5a2782.jpg,e66c6d6161418532,184.237,dcc3eb0b8979ea89f14fd830b4456a3fd8500ecfa50c609be1b2fda3a0126f73,,False,photo by Josef Adlt_R5A2954.jpg,16,False
_R5A2791.jpg,2791,tym-a-prapor,zarazeno,Tým Přezleťáků,12_tym-a-prapor,4646,3098,7966643,False,/Users/giorgio/Documents/Přezletice 26/Originální fotky/01_kandidati/01_originalni_fotky/12_tym-a-prapor/tym-a-prapor__r5a2791.jpg,406c6963434321c6,152.308,c790880bb20daadfeaf9b086d6e81606ac4f3a75c887ff1744dbbe2a314d93d0,,False,_R5A2782.jpg,17,False
_R5A2801.jpg,2801,tym-a-prapor,zarazeno,Tým Přezleťáků,12_tym-a-prapor,6000,4000,9088005,False,/Users/giorgio/Documents/Přezletice 26/Originální fotky/01_kandidati/01_originalni_fotky/12_tym-a-prapor/tym-a-prapor__r5a2801.jpg,9895d14969e9c5b0,102.670,39f257ffea391eaf633918caa4afa0d7cc7d92673adf12ca96dfbe233cde09f7,,False,_R5A2803.jpg,12,False
_R5A2803.jpg,2803,tym-a-prapor,zarazeno,Tým Přezleťáků,12_tym-a-prapor,5512,3674,8113335,False,/Users/giorgio/Documents/Přezletice 26/Originální fotky/01_kandidati/01_originalni_fotky/12_tym-a-prapor/tym-a-prapor__r5a2803.jpg,8b99d96d6de9d598,113.675,a24e5ee67002c24d8b8e7f3808510ef723fa9a253beccfc1ed8adb7969898ecc,,False,_R5A2801.jpg,12,False
_R5A2804.jpg,2804,tym-a-prapor,zarazeno,Tým Přezleťáků,12_tym-a-prapor,6000,4000,10381193,False,/Users/giorgio/Documents/Přezletice 26/Originální fotky/01_kandidati/01_originalni_fotky/12_tym-a-prapor/tym-a-prapor__r5a2804.jpg,cad4752925e1d8f8,114.236,4bd4a2438fa3bb6d5bad343ba00e1336adbb61db1770708d59c2db9e80e7fd4b,,False,_R5A2801.jpg,20,False
_R5A2808.jpg,2808,tym-a-prapor,zarazeno,Tým Přezleťáků,12_tym-a-prapor,6000,4000,8576205,False,/Users/giorgio/Documents/Přezletice 26/Originální fotky/01_kandidati/01_originalni_fotky/12_tym-a-prapor/tym-a-prapor__r5a2808.jpg,c1d365612925e1c5,94.110,5f81ee99f3f908aeca0414b07db478df92b104e6f065457aef35e6b16519313b,,False,_R5A2809.jpg,11,False
_R5A2809.jpg,2809,tym-a-prapor,zarazeno,Tým Přezleťáků,12_tym-a-prapor,6000,4000,9269930,False,/Users/giorgio/Documents/Přezletice 26/Originální fotky/01_kandidati/01_originalni_fotky/12_tym-a-prapor/tym-a-prapor__r5a2809.jpg,b193d5e9296de1c5,120.941,7af18927cc9d30d9bb3d11989cfe00377d8ce40bdce20ba0b5726c48130f1ae8,,False,_R5A2808.jpg,11,False
_R5A2811.jpg,2811,tym-a-prapor,zarazeno,Tým Přezleťáků,12_tym-a-prapor,5017,3345,5895733,False,/Users/giorgio/Documents/Přezletice 26/Originální fotky/01_kandidati/01_originalni_fotky/12_tym-a-prapor/tym-a-prapor__r5a2811.jpg,e88495c6d43232b2,86.973,8a9f6ff0086fee474ef8f852a4a5737b4b10264e560557b1c7c8e5c378fdf925,,False,photo by Josef Adlt_R5A2958.jpg,19,False
_R5A2812.jpg,2812,tym-a-prapor,zarazeno,Tým Přezleťáků,12_tym-a-prapor,5740,3827,7573608,False,/Users/giorgio/Documents/Přezletice 26/Originální fotky/01_kandidati/01_originalni_fotky/12_tym-a-prapor/tym-a-prapor__r5a2812.jpg,50cccce5381c109a,85.923,a84344f65d2a000194bceefc76d881cab11cc645616aaa6df5223a59ec6db4c1,,False,_R5A2821.jpg,19,False
