typ,puvodni_cesta,nova_cesta
original,/Users/giorgio/Documents/Přezletice 26/Originální fotky/01_kandidati/01_tomas-riha/tomas-riha__r5a2831-ed.jpg,/Users/giorgio/Documents/Přezletice 26/Originální fotky/01_kandidati/01_originalni_fotky/01_tomas-riha/tomas-riha__r5a2831-ed.jpg
original,/Users/giorgio/Documents/Přezletice 26/Originální fotky/01_kandidati/01_tomas-riha/tomas-riha__r5a2831.jpg,/Users/giorgio/Documents/Přezletice 26/Originální fotky/01_kandidati/01_originalni_fotky/01_tomas-riha/tomas-riha__r5a2831.jpg
original,/Users/giorgio/Documents/Přezletice 26/Originální fotky/01_kandidati/01_tomas-riha/tomas-riha__r5a2832.jpg,/Users/giorgio/Documents/Přezletice 26/Originální fotky/01_kandidati/01_originalni_fotky/01_tomas-riha/tomas-riha__r5a2832.jpg
original,/Users/giorgio/Documents/Přezletice 26/Originální fotky/01_kandidati/01_tomas-riha/tomas-riha__r5a2833.jpg,/Users/giorgio/Documents/Přezletice 26/Originální fotky/01_kandidati/01_originalni_fotky/01_tomas-riha/tomas-riha__r5a2833.jpg
original,/Users/giorgio/Documents/Přezletice 26/Originální fotky/01_kandidati/01_tomas-riha/tomas-riha__r5a2834.jpg,/Users/giorgio/Documents/Přezletice 26/Originální fotky/01_kandidati/01_originalni_fotky/01_tomas-riha/tomas-riha__r5a2834.jpg
original,/Users/giorgio/Documents/Přezletice 26/Originální fotky/01_kandidati/01_tomas-riha/tomas-riha__r5a2835.jpg,/Users/giorgio/Documents/Přezletice 26/Originální fotky/01_kandidati/01_originalni_fotky/01_tomas-riha/tomas-riha__r5a2835.jpg
original,/Users/giorgio/Documents/Přezletice 26/Originální fotky/01_kandidati/01_tomas-riha/tomas-riha__r5a2836.jpg,/Users/giorgio/Documents/Přezletice 26/Originální fotky/01_kandidati/01_originalni_fotky/01_tomas-riha/tomas-riha__r5a2836.jpg
original,/Users/giorgio/Documents/Přezletice 26/Originální fotky/01_kandidati/01_tomas-riha/tomas-riha__r5a2837.jpg,/Users/giorgio/Documents/Přezletice 26/Originální fotky/01_kandidati/01_originalni_fotky/01_tomas-riha/tomas-riha__r5a2837.jpg
original,/Users/giorgio/Documents/Přezletice 26/Originální fotky/01_kandidati/01_tomas-riha/tomas-riha__r5a2838.jpg,/Users/giorgio/Documents/Přezletice 26/Originální fotky/01_kandidati/01_originalni_fotky/01_tomas-riha/tomas-riha__r5a2838.jpg
original,/Users/giorgio/Documents/Přezletice 26/Originální fotky/01_kandidati/01_tomas-riha/tomas-riha__r5a2839.jpg,/Users/giorgio/Documents/Přezletice 26/Originální fotky/01_kandidati/01_originalni_fotky/01_tomas-riha/tomas-riha__r5a2839.jpg
original,/Users/giorgio/Documents/Přezletice 26/Originální fotky/01_kandidati/01_tomas-riha/tomas-riha__r5a2840.jpg,/Users/giorgio/Documents/Přezletice 26/Originální fotky/01_kandidati/01_originalni_fotky/01_tomas-riha/tomas-riha__r5a2840.jpg
original,/Users/giorgio/Documents/Přezletice 26/Originální fotky/01_kandidati/02_jan-macourek/jan-macourek__r5a2815.jpg,/Users/giorgio/Documents/Přezletice 26/Originální fotky/01_kandidati/01_originalni_fotky/02_jan-macourek/jan-macourek__r5a2815.jpg
original,/Users/giorgio/Documents/Přezletice 26/Originální fotky/01_kandidati/02_jan-macourek/jan-macourek__r5a2816.jpg,/Users/giorgio/Documents/Přezletice 26/Originální fotky/01_kandidati/01_originalni_fotky/02_jan-macourek/jan-macourek__r5a2816.jpg
original,/Users/giorgio/Documents/Přezletice 26/Originální fotky/01_kandidati/02_jan-macourek/jan-macourek__r5a2817.jpg,/Users/giorgio/Documents/Přezletice 26/Originální fotky/01_kandidati/01_originalni_fotky/02_jan-macourek/jan-macourek__r5a2817.jpg
original,/Users/giorgio/Documents/Přezletice 26/Originální fotky/01_kandidati/02_jan-macourek/jan-macourek__r5a2818.jpg,/Users/giorgio/Documents/Přezletice 26/Originální fotky/01_kandidati/01_originalni_fotky/02_jan-macourek/jan-macourek__r5a2818.jpg
original,/Users/giorgio/Documents/Přezletice 26/Originální fotky/01_kandidati/02_jan-macourek/jan-macourek__r5a2820.jpg,/Users/giorgio/Documents/Přezletice 26/Originální fotky/01_kandidati/01_originalni_fotky/02_jan-macourek/jan-macourek__r5a2820.jpg
original,/Users/giorgio/Documents/Přezletice 26/Originální fotky/01_kandidati/02_jan-macourek/jan-macourek__r5a2821.jpg,/Users/giorgio/Documents/Přezletice 26/Originální fotky/01_kandidati/01_originalni_fotky/02_jan-macourek/jan-macourek__r5a2821.jpg
original,/Users/giorgio/Documents/Přezletice 26/Originální fotky/01_kandidati/02_jan-macourek/jan-macourek__r5a2823.jpg,/Users/giorgio/Documents/Přezletice 26/Originální fotky/01_kandidati/01_originalni_fotky/02_jan-macourek/jan-macourek__r5a2823.jpg
original,/Users/giorgio/Documents/Přezletice 26/Originální fotky/01_kandidati/02_jan-macourek/jan-macourek__r5a2824.jpg,/Users/giorgio/Documents/Přezletice 26/Originální fotky/01_kandidati/01_originalni_fotky/02_jan-macourek/jan-macourek__r5a2824.jpg
original,/Users/giorgio/Documents/Přezletice 26/Originální fotky/01_kandidati/02_jan-macourek/jan-macourek__r5a2825.jpg,/Users/giorgio/Documents/Přezletice 26/Originální fotky/01_kandidati/01_originalni_fotky/02_jan-macourek/jan-macourek__r5a2825.jpg
original,/Users/giorgio/Documents/Přezletice 26/Originální fotky/01_kandidati/02_jan-macourek/jan-macourek__r5a2826.jpg,/Users/giorgio/Documents/Přezletice 26/Originální fotky/01_kandidati/01_originalni_fotky/02_jan-macourek/jan-macourek__r5a2826.jpg
original,/Users/giorgio/Documents/Přezletice 26/Originální fotky/01_kandidati/02_jan-macourek/jan-macourek__r5a2826a.jpg,/Users/giorgio/Documents/Přezletice 26/Originální fotky/01_kandidati/01_originalni_fotky/02_jan-macourek/jan-macourek__r5a2826a.jpg
original,/Users/giorgio/Documents/Přezletice 26/Originální fotky/01_kandidati/02_jan-macourek/jan-macourek__r5a2827.jpg,/Users/giorgio/Documents/Přezletice 26/Originální fotky/01_kandidati/01_originalni_fotky/02_jan-macourek/jan-macourek__r5a2827.jpg
original,/Users/giorgio/Documents/Přezletice 26/Originální fotky/01_kandidati/02_jan-macourek/jan-macourek__r5a2828.jpg,/Users/giorgio/Documents/Přezletice 26/Originální fotky/01_kandidati/01_originalni_fotky/02_jan-macourek/jan-macourek__r5a2828.jpg
original,/Users/giorgio/Documents/Přezletice 26/Originální fotky/01_kandidati/02_jan-macourek/jan-macourek__r5a2867.jpg,/Users/giorgio/Documents/Přezletice 26/Originální fotky/01_kandidati/01_originalni_fotky/02_jan-macourek/jan-macourek__r5a2867.jpg
original,/Users/giorgio/Documents/Přezletice 26/Originální fotky/01_kandidati/02_jan-macourek/jan-macourek__r5a2868.jpg,/Users/giorgio/Documents/Přezletice 26/Originální fotky/01_kandidati/01_originalni_fotky/02_jan-macourek/jan-macourek__r5a2868.jpg
original,/Users/giorgio/Documents/Přezletice 26/Originální fotky/01_kandidati/02_jan-macourek/jan-macourek__r5a2869.jpg,/Users/giorgio/Documents/Přezletice 26/Originální fotky/01_kandidati/01_originalni_fotky/02_jan-macourek/jan-macourek__r5a2869.jpg
original,/Users/giorgio/Documents/Přezletice 26/Originální fotky/01_kandidati/02_jan-macourek/jan-macourek__r5a2870.jpg,/Users/giorgio/Documents/Přezletice 26/Originální fotky/01_kandidati/01_originalni_fotky/02_jan-macourek/jan-macourek__r5a2870.jpg
original,/Users/giorgio/Documents/Přezletice 26/Originální fotky/01_kandidati/02_jan-macourek/jan-macourek__r5a2871.jpg,/Users/giorgio/Documents/Přezletice 26/Originální fotky/01_kandidati/01_originalni_fotky/02_jan-macourek/jan-macourek__r5a2871.jpg
original,/Users/giorgio/Documents/Přezletice 26/Originální fotky/01_kandidati/02_jan-macourek/jan-macourek__r5a2872.jpg,/Users/giorgio/Documents/Přezletice 26/Originální fotky/01_kandidati/01_originalni_fotky/02_jan-macourek/jan-macourek__r5a2872.jpg
original,/Users/giorgio/Documents/Přezletice 26/Originální fotky/01_kandidati/02_jan-macourek/jan-macourek__r5a2873.jpg,/Users/giorgio/Documents/Přezletice 26/Originální fotky/01_kandidati/01_originalni_fotky/02_jan-macourek/jan-macourek__r5a2873.jpg
original,/Users/giorgio/Documents/Přezletice 26/Originální fotky/01_kandidati/02_jan-macourek/jan-macourek__r5a2874.jpg,/Users/giorgio/Documents/Přezletice 26/Originální fotky/01_kandidati/01_originalni_fotky/02_jan-macourek/jan-macourek__r5a2874.jpg
original,/Users/giorgio/Documents/Přezletice 26/Originální fotky/01_kandidati/02_jan-macourek/jan-macourek__r5a2875.jpg,/Users/giorgio/Documents/Přezletice 26/Originální fotky/01_kandidati/01_originalni_fotky/02_jan-macourek/jan-macourek__r5a2875.jpg
original,/Users/giorgio/Documents/Přezletice 26/Originální fotky/01_kandidati/02_jan-macourek/jan-macourek__r5a2876.jpg,/Users/giorgio/Documents/Přezletice 26/Originální fotky/01_kandidati/01_originalni_fotky/02_jan-macourek/jan-macourek__r5a2876.jpg
original,/Users/giorgio/Documents/Přezletice 26/Originální fotky/01_kandidati/02_jan-macourek/jan-macourek__r5a2877.jpg,/Users/giorgio/Documents/Přezletice 26/Originální fotky/01_kandidati/01_originalni_fotky/02_jan-macourek/jan-macourek__r5a2877.jpg
original,/Users/giorgio/Documents/Přezletice 26/Originální fotky/01_kandidati/02_jan-macourek/jan-macourek__r5a2878.jpg,/Users/giorgio/Documents/Přezletice 26/Originální fotky/01_kandidati/01_originalni_fotky/02_jan-macourek/jan-macourek__r5a2878.jpg
original,/Users/giorgio/Documents/Přezletice 26/Originální fotky/01_kandidati/02_jan-macourek/jan-macourek__r5a3010.jpg,/Users/giorgio/Documents/Přezletice 26/Originální fotky/01_kandidati/01_originalni_fotky/02_jan-macourek/jan-macourek__r5a3010.jpg
original,/Users/giorgio/Documents/Přezletice 26/Originální fotky/01_kandidati/02_jan-macourek/jan-macourek__r5a3011.jpg,/Users/giorgio/Documents/Přezletice 26/Originální fotky/01_kandidati/01_originalni_fotky/02_jan-macourek/jan-macourek__r5a3011.jpg
original,/Users/giorgio/Documents/Přezletice 26/Originální fotky/01_kandidati/02_jan-macourek/jan-macourek__r5a3012.jpg,/Users/giorgio/Documents/Přezletice 26/Originální fotky/01_kandidati/01_originalni_fotky/02_jan-macourek/jan-macourek__r5a3012.jpg
original,/Users/giorgio/Documents/Přezletice 26/Originální fotky/01_kandidati/02_jan-macourek/jan-macourek__r5a3013.jpg,/Users/giorgio/Documents/Přezletice 26/Originální fotky/01_kandidati/01_originalni_fotky/02_jan-macourek/jan-macourek__r5a3013.jpg
original,/Users/giorgio/Documents/Přezletice 26/Originální fotky/01_kandidati/02_jan-macourek/jan-macourek__r5a3014.jpg,/Users/giorgio/Documents/Přezletice 26/Originální fotky/01_kandidati/01_originalni_fotky/02_jan-macourek/jan-macourek__r5a3014.jpg
original,/Users/giorgio/Documents/Přezletice 26/Originální fotky/01_kandidati/02_jan-macourek/jan-macourek__r5a3015.jpg,/Users/giorgio/Documents/Přezletice 26/Originální fotky/01_kandidati/01_originalni_fotky/02_jan-macourek/jan-macourek__r5a3015.jpg
original,/Users/giorgio/Documents/Přezletice 26/Originální fotky/01_kandidati/02_jan-macourek/jan-macourek__r5a3016.jpg,/Users/giorgio/Documents/Přezletice 26/Originální fotky/01_kandidati/01_originalni_fotky/02_jan-macourek/jan-macourek__r5a3016.jpg
original,/Users/giorgio/Documents/Přezletice 26/Originální fotky/01_kandidati/02_jan-macourek/jan-macourek__vyber-01.jpg,/Users/giorgio/Documents/Přezletice 26/Originální fotky/01_kandidati/01_originalni_fotky/02_jan-macourek/jan-macourek__vyber-01.jpg
original,/Users/giorgio/Documents/Přezletice 26/Originální fotky/01_kandidati/03_romana-bernardova/romana-bernardova__r5a2907.jpg,/Users/giorgio/Documents/Přezletice 26/Originální fotky/01_kandidati/01_originalni_fotky/03_romana-bernardova/romana-bernardova__r5a2907.jpg
original,/Users/giorgio/Documents/Přezletice 26/Originální fotky/01_kandidati/03_romana-bernardova/romana-bernardova__r5a2908.jpg,/Users/giorgio/Documents/Přezletice 26/Originální fotky/01_kandidati/01_originalni_fotky/03_romana-bernardova/romana-bernardova__r5a2908.jpg
original,/Users/giorgio/Documents/Přezletice 26/Originální fotky/01_kandidati/03_romana-bernardova/romana-bernardova__r5a2909.jpg,/Users/giorgio/Documents/Přezletice 26/Originální fotky/01_kandidati/01_originalni_fotky/03_romana-bernardova/romana-bernardova__r5a2909.jpg
original,/Users/giorgio/Documents/Přezletice 26/Originální fotky/01_kandidati/03_romana-bernardova/romana-bernardova__r5a2910.jpg,/Users/giorgio/Documents/Přezletice 26/Originální fotky/01_kandidati/01_originalni_fotky/03_romana-bernardova/romana-bernardova__r5a2910.jpg
original,/Users/giorgio/Documents/Přezletice 26/Originální fotky/01_kandidati/03_romana-bernardova/romana-bernardova__r5a2911.jpg,/Users/giorgio/Documents/Přezletice 26/Originální fotky/01_kandidati/01_originalni_fotky/03_romana-bernardova/romana-bernardova__r5a2911.jpg
original,/Users/giorgio/Documents/Přezletice 26/Originální fotky/01_kandidati/03_romana-bernardova/romana-bernardova__r5a2912.jpg,/Users/giorgio/Documents/Přezletice 26/Originální fotky/01_kandidati/01_originalni_fotky/03_romana-bernardova/romana-bernardova__r5a2912.jpg
original,/Users/giorgio/Documents/Přezletice 26/Originální fotky/01_kandidati/03_romana-bernardova/romana-bernardova__r5a2913.jpg,/Users/giorgio/Documents/Přezletice 26/Originální fotky/01_kandidati/01_originalni_fotky/03_romana-bernardova/romana-bernardova__r5a2913.jpg
original,/Users/giorgio/Documents/Přezletice 26/Originální fotky/01_kandidati/03_romana-bernardova/romana-bernardova__r5a2914.jpg,/Users/giorgio/Documents/Přezletice 26/Originální fotky/01_kandidati/01_originalni_fotky/03_romana-bernardova/romana-bernardova__r5a2914.jpg
original,/Users/giorgio/Documents/Přezletice 26/Originální fotky/01_kandidati/03_romana-bernardova/romana-bernardova__r5a2915.jpg,/Users/giorgio/Documents/Přezletice 26/Originální fotky/01_kandidati/01_originalni_fotky/03_romana-bernardova/romana-bernardova__r5a2915.jpg
original,/Users/giorgio/Documents/Přezletice 26/Originální fotky/01_kandidati/03_romana-bernardova/romana-bernardova__r5a2917.jpg,/Users/giorgio/Documents/Přezletice 26/Originální fotky/01_kandidati/01_originalni_fotky/03_romana-bernardova/romana-bernardova__r5a2917.jpg
original,/Users/giorgio/Documents/Přezletice 26/Originální fotky/01_kandidati/03_romana-bernardova/romana-bernardova__r5a2918.jpg,/Users/giorgio/Documents/Přezletice 26/Originální fotky/01_kandidati/01_originalni_fotky/03_romana-bernardova/romana-bernardova__r5a2918.jpg
original,/Users/giorgio/Documents/Přezletice 26/Originální fotky/01_kandidati/04_lenka-bulova/lenka-bulova__r5a2949.jpg,/Users/giorgio/Documents/Přezletice 26/Originální fotky/01_kandidati/01_originalni_fotky/04_lenka-bulova/lenka-bulova__r5a2949.jpg
original,/Users/giorgio/Documents/Přezletice 26/Originální fotky/01_kandidati/04_lenka-bulova/lenka-bulova__r5a2950.jpg,/Users/giorgio/Documents/Přezletice 26/Originální fotky/01_kandidati/01_originalni_fotky/04_lenka-bulova/lenka-bulova__r5a2950.jpg
original,/Users/giorgio/Documents/Přezletice 26/Originální fotky/01_kandidati/04_lenka-bulova/lenka-bulova__r5a2951.jpg,/Users/giorgio/Documents/Přezletice 26/Originální fotky/01_kandidati/01_originalni_fotky/04_lenka-bulova/lenka-bulova__r5a2951.jpg
original,/Users/giorgio/Documents/Přezletice 26/Originální fotky/01_kandidati/04_lenka-bulova/lenka-bulova__r5a2952.jpg,/Users/giorgio/Documents/Přezletice 26/Originální fotky/01_kandidati/01_originalni_fotky/04_lenka-bulova/lenka-bulova__r5a2952.jpg
original,/Users/giorgio/Documents/Přezletice 26/Originální fotky/01_kandidati/04_lenka-bulova/lenka-bulova__r5a2954.jpg,/Users/giorgio/Documents/Přezletice 26/Originální fotky/01_kandidati/01_originalni_fotky/04_lenka-bulova/lenka-bulova__r5a2954.jpg
original,/Users/giorgio/Documents/Přezletice 26/Originální fotky/01_kandidati/04_lenka-bulova/lenka-bulova__r5a2955.jpg,/Users/giorgio/Documents/Přezletice 26/Originální fotky/01_kandidati/01_originalni_fotky/04_lenka-bulova/lenka-bulova__r5a2955.jpg
original,/Users/giorgio/Documents/Přezletice 26/Originální fotky/01_kandidati/04_lenka-bulova/lenka-bulova__r5a2956.jpg,/Users/giorgio/Documents/Přezletice 26/Originální fotky/01_kandidati/01_originalni_fotky/04_lenka-bulova/lenka-bulova__r5a2956.jpg
original,/Users/giorgio/Documents/Přezletice 26/Originální fotky/01_kandidati/04_lenka-bulova/lenka-bulova__r5a2958.jpg,/Users/giorgio/Documents/Přezletice 26/Originální fotky/01_kandidati/01_originalni_fotky/04_lenka-bulova/lenka-bulova__r5a2958.jpg
original,/Users/giorgio/Documents/Přezletice 26/Originální fotky/01_kandidati/04_lenka-bulova/lenka-bulova__r5a2959.jpg,/Users/giorgio/Documents/Přezletice 26/Originální fotky/01_kandidati/01_originalni_fotky/04_lenka-bulova/lenka-bulova__r5a2959.jpg
original,/Users/giorgio/Documents/Přezletice 26/Originální fotky/01_kandidati/04_lenka-bulova/lenka-bulova__r5a2960.jpg,/Users/giorgio/Documents/Přezletice 26/Originální fotky/01_kandidati/01_originalni_fotky/04_lenka-bulova/lenka-bulova__r5a2960.jpg
original,/Users/giorgio/Documents/Přezletice 26/Originální fotky/01_kandidati/04_lenka-bulova/lenka-bulova__r5a2961.jpg,/Users/giorgio/Documents/Přezletice 26/Originální fotky/01_kandidati/01_originalni_fotky/04_lenka-bulova/lenka-bulova__r5a2961.jpg
original,/Users/giorgio/Documents/Přezletice 26/Originální fotky/01_kandidati/04_lenka-bulova/lenka-bulova__r5a2962.jpg,/Users/giorgio/Documents/Přezletice 26/Originální fotky/01_kandidati/01_originalni_fotky/04_lenka-bulova/lenka-bulova__r5a2962.jpg
original,/Users/giorgio/Documents/Přezletice 26/Originální fotky/01_kandidati/04_lenka-bulova/lenka-bulova__r5a2963.jpg,/Users/giorgio/Documents/Přezletice 26/Originální fotky/01_kandidati/01_originalni_fotky/04_lenka-bulova/lenka-bulova__r5a2963.jpg
original,/Users/giorgio/Documents/Přezletice 26/Originální fotky/01_kandidati/04_lenka-bulova/lenka-bulova__r5a2964.jpg,/Users/giorgio/Documents/Přezletice 26/Originální fotky/01_kandidati/01_originalni_fotky/04_lenka-bulova/lenka-bulova__r5a2964.jpg
original,/Users/giorgio/Documents/Přezletice 26/Originální fotky/01_kandidati/04_lenka-bulova/lenka-bulova__r5a2965.jpg,/Users/giorgio/Documents/Přezletice 26/Originální fotky/01_kandidati/01_originalni_fotky/04_lenka-bulova/lenka-bulova__r5a2965.jpg
original,/Users/giorgio/Documents/Přezletice 26/Originální fotky/01_kandidati/04_lenka-bulova/lenka-bulova__r5a2966.jpg,/Users/giorgio/Documents/Přezletice 26/Originální fotky/01_kandidati/01_originalni_fotky/04_lenka-bulova/lenka-bulova__r5a2966.jpg
original,/Users/giorgio/Documents/Přezletice 26/Originální fotky/01_kandidati/04_lenka-bulova/lenka-bulova__r5a2967.jpg,/Users/giorgio/Documents/Přezletice 26/Originální fotky/01_kandidati/01_originalni_fotky/04_lenka-bulova/lenka-bulova__r5a2967.jpg
original,/Users/giorgio/Documents/Přezletice 26/Originální fotky/01_kandidati/04_lenka-bulova/lenka-bulova__r5a2968.jpg,/Users/giorgio/Documents/Přezletice 26/Originální fotky/01_kandidati/01_originalni_fotky/04_lenka-bulova/lenka-bulova__r5a2968.jpg
original,/Users/giorgio/Documents/Přezletice 26/Originální fotky/01_kandidati/04_lenka-bulova/lenka-bulova__r5a2969.jpg,/Users/giorgio/Documents/Přezletice 26/Originální fotky/01_kandidati/01_originalni_fotky/04_lenka-bulova/lenka-bulova__r5a2969.jpg
original,/Users/giorgio/Documents/Přezletice 26/Originální fotky/01_kandidati/04_lenka-bulova/lenka-bulova__r5a2970.jpg,/Users/giorgio/Documents/Přezletice 26/Originální fotky/01_kandidati/01_originalni_fotky/04_lenka-bulova/lenka-bulova__r5a2970.jpg
original,/Users/giorgio/Documents/Přezletice 26/Originální fotky/01_kandidati/04_lenka-bulova/lenka-bulova__r5a2971.jpg,/Users/giorgio/Documents/Přezletice 26/Originální fotky/01_kandidati/01_originalni_fotky/04_lenka-bulova/lenka-bulova__r5a2971.jpg
original,/Users/giorgio/Documents/Přezletice 26/Originální fotky/01_kandidati/04_lenka-bulova/lenka-bulova__r5a2972.jpg,/Users/giorgio/Documents/Přezletice 26/Originální fotky/01_kandidati/01_originalni_fotky/04_lenka-bulova/lenka-bulova__r5a2972.jpg
original,/Users/giorgio/Documents/Přezletice 26/Originální fotky/01_kandidati/04_lenka-bulova/lenka-bulova__r5a2973.jpg,/Users/giorgio/Documents/Přezletice 26/Originální fotky/01_kandidati/01_originalni_fotky/04_lenka-bulova/lenka-bulova__r5a2973.jpg
original,/Users/giorgio/Documents/Přezletice 26/Originální fotky/01_kandidati/05_jan-kana/jan-kana__r5a2933.jpg,/Users/giorgio/Documents/Přezletice 26/Originální fotky/01_kandidati/01_originalni_fotky/05_jan-kana/jan-kana__r5a2933.jpg
original,/Users/giorgio/Documents/Přezletice 26/Originální fotky/01_kandidati/05_jan-kana/jan-kana__r5a2934.jpg,/Users/giorgio/Documents/Přezletice 26/Originální fotky/01_kandidati/01_originalni_fotky/05_jan-kana/jan-kana__r5a2934.jpg
original,/Users/giorgio/Documents/Přezletice 26/Originální fotky/01_kandidati/05_jan-kana/jan-kana__r5a2935.jpg,/Users/giorgio/Documents/Přezletice 26/Originální fotky/01_kandidati/01_originalni_fotky/05_jan-kana/jan-kana__r5a2935.jpg
original,/Users/giorgio/Documents/Přezletice 26/Originální fotky/01_kandidati/05_jan-kana/jan-kana__r5a2937.jpg,/Users/giorgio/Documents/Přezletice 26/Originální fotky/01_kandidati/01_originalni_fotky/05_jan-kana/jan-kana__r5a2937.jpg
original,/Users/giorgio/Documents/Přezletice 26/Originální fotky/01_kandidati/05_jan-kana/jan-kana__r5a2938.jpg,/Users/giorgio/Documents/Přezletice 26/Originální fotky/01_kandidati/01_originalni_fotky/05_jan-kana/jan-kana__r5a2938.jpg
original,/Users/giorgio/Documents/Přezletice 26/Originální fotky/01_kandidati/05_jan-kana/jan-kana__r5a2941.jpg,/Users/giorgio/Documents/Přezletice 26/Originální fotky/01_kandidati/01_originalni_fotky/05_jan-kana/jan-kana__r5a2941.jpg
original,/Users/giorgio/Documents/Přezletice 26/Originální fotky/01_kandidati/05_jan-kana/jan-kana__r5a2942.jpg,/Users/giorgio/Documents/Přezletice 26/Originální fotky/01_kandidati/01_originalni_fotky/05_jan-kana/jan-kana__r5a2942.jpg
original,/Users/giorgio/Documents/Přezletice 26/Originální fotky/01_kandidati/05_jan-kana/jan-kana__r5a2943.jpg,/Users/giorgio/Documents/Přezletice 26/Originální fotky/01_kandidati/01_originalni_fotky/05_jan-kana/jan-kana__r5a2943.jpg
original,/Users/giorgio/Documents/Přezletice 26/Originální fotky/01_kandidati/05_jan-kana/jan-kana__r5a2944.jpg,/Users/giorgio/Documents/Přezletice 26/Originální fotky/01_kandidati/01_originalni_fotky/05_jan-kana/jan-kana__r5a2944.jpg
original,/Users/giorgio/Documents/Přezletice 26/Originální fotky/01_kandidati/05_jan-kana/jan-kana__r5a2945.jpg,/Users/giorgio/Documents/Přezletice 26/Originální fotky/01_kandidati/01_originalni_fotky/05_jan-kana/jan-kana__r5a2945.jpg
original,/Users/giorgio/Documents/Přezletice 26/Originální fotky/01_kandidati/05_jan-kana/jan-kana__r5a2946.jpg,/Users/giorgio/Documents/Přezletice 26/Originální fotky/01_kandidati/01_originalni_fotky/05_jan-kana/jan-kana__r5a2946.jpg
original,/Users/giorgio/Documents/Přezletice 26/Originální fotky/01_kandidati/05_jan-kana/jan-kana__r5a2947.jpg,/Users/giorgio/Documents/Přezletice 26/Originální fotky/01_kandidati/01_originalni_fotky/05_jan-kana/jan-kana__r5a2947.jpg
original,/Users/giorgio/Documents/Přezletice 26/Originální fotky/01_kandidati/05_jan-kana/jan-kana__r5a2948.jpg,/Users/giorgio/Documents/Přezletice 26/Originální fotky/01_kandidati/01_originalni_fotky/05_jan-kana/jan-kana__r5a2948.jpg
original,/Users/giorgio/Documents/Přezletice 26/Originální fotky/01_kandidati/06_pavel-rerucha/pavel-rerucha__r5a2891.jpg,/Users/giorgio/Documents/Přezletice 26/Originální fotky/01_kandidati/01_originalni_fotky/06_pavel-rerucha/pavel-rerucha__r5a2891.jpg
original,/Users/giorgio/Documents/Přezletice 26/Originální fotky/01_kandidati/06_pavel-rerucha/pavel-rerucha__r5a2892.jpg,/Users/giorgio/Documents/Přezletice 26/Originální fotky/01_kandidati/01_originalni_fotky/06_pavel-rerucha/pavel-rerucha__r5a2892.jpg
original,/Users/giorgio/Documents/Přezletice 26/Originální fotky/01_kandidati/06_pavel-rerucha/pavel-rerucha__r5a2893.jpg,/Users/giorgio/Documents/Přezletice 26/Originální fotky/01_kandidati/01_originalni_fotky/06_pavel-rerucha/pavel-rerucha__r5a2893.jpg
original,/Users/giorgio/Documents/Přezletice 26/Originální fotky/01_kandidati/06_pavel-rerucha/pavel-rerucha__r5a2894.jpg,/Users/giorgio/Documents/Přezletice 26/Originální fotky/01_kandidati/01_originalni_fotky/06_pavel-rerucha/pavel-rerucha__r5a2894.jpg
original,/Users/giorgio/Documents/Přezletice 26/Originální fotky/01_kandidati/06_pavel-rerucha/pavel-rerucha__r5a2895.jpg,/Users/giorgio/Documents/Přezletice 26/Originální fotky/01_kandidati/01_originalni_fotky/06_pavel-rerucha/pavel-rerucha__r5a2895.jpg
original,/Users/giorgio/Documents/Přezletice 26/Originální fotky/01_kandidati/06_pavel-rerucha/pavel-rerucha__r5a2896.jpg,/Users/giorgio/Documents/Přezletice 26/Originální fotky/01_kandidati/01_originalni_fotky/06_pavel-rerucha/pavel-rerucha__r5a2896.jpg
original,/Users/giorgio/Documents/Přezletice 26/Originální fotky/01_kandidati/06_pavel-rerucha/pavel-rerucha__r5a2897.jpg,/Users/giorgio/Documents/Přezletice 26/Originální fotky/01_kandidati/01_originalni_fotky/06_pavel-rerucha/pavel-rerucha__r5a2897.jpg
original,/Users/giorgio/Documents/Přezletice 26/Originální fotky/01_kandidati/06_pavel-rerucha/pavel-rerucha__r5a2898.jpg,/Users/giorgio/Documents/Přezletice 26/Originální fotky/01_kandidati/01_originalni_fotky/06_pavel-rerucha/pavel-rerucha__r5a2898.jpg
original,/Users/giorgio/Documents/Přezletice 26/Originální fotky/01_kandidati/06_pavel-rerucha/pavel-rerucha__r5a2899.jpg,/Users/giorgio/Documents/Přezletice 26/Originální fotky/01_kandidati/01_originalni_fotky/06_pavel-rerucha/pavel-rerucha__r5a2899.jpg
original,/Users/giorgio/Documents/Přezletice 26/Originální fotky/01_kandidati/06_pavel-rerucha/pavel-rerucha__r5a2900.jpg,/Users/giorgio/Documents/Přezletice 26/Originální fotky/01_kandidati/01_originalni_fotky/06_pavel-rerucha/pavel-rerucha__r5a2900.jpg
original,/Users/giorgio/Documents/Přezletice 26/Originální fotky/01_kandidati/06_pavel-rerucha/pavel-rerucha__r5a2901.jpg,/Users/giorgio/Documents/Přezletice 26/Originální fotky/01_kandidati/01_originalni_fotky/06_pavel-rerucha/pavel-rerucha__r5a2901.jpg
original,/Users/giorgio/Documents/Přezletice 26/Originální fotky/01_kandidati/06_pavel-rerucha/pavel-rerucha__r5a2902.jpg,/Users/giorgio/Documents/Přezletice 26/Originální fotky/01_kandidati/01_originalni_fotky/06_pavel-rerucha/pavel-rerucha__r5a2902.jpg
original,/Users/giorgio/Documents/Přezletice 26/Originální fotky/01_kandidati/06_pavel-rerucha/pavel-rerucha__r5a2903.jpg,/Users/giorgio/Documents/Přezletice 26/Originální fotky/01_kandidati/01_originalni_fotky/06_pavel-rerucha/pavel-rerucha__r5a2903.jpg
original,/Users/giorgio/Documents/Přezletice 26/Originální fotky/01_kandidati/06_pavel-rerucha/pavel-rerucha__r5a2904.jpg,/Users/giorgio/Documents/Přezletice 26/Originální fotky/01_kandidati/01_originalni_fotky/06_pavel-rerucha/pavel-rerucha__r5a2904.jpg
original,/Users/giorgio/Documents/Přezletice 26/Originální fotky/01_kandidati/06_pavel-rerucha/pavel-rerucha__r5a2905.jpg,/Users/giorgio/Documents/Přezletice 26/Originální fotky/01_kandidati/01_originalni_fotky/06_pavel-rerucha/pavel-rerucha__r5a2905.jpg
original,/Users/giorgio/Documents/Přezletice 26/Originální fotky/01_kandidati/07_vaclav-smerda/vaclav-smerda__r5a2879.jpg,/Users/giorgio/Documents/Přezletice 26/Originální fotky/01_kandidati/01_originalni_fotky/07_vaclav-smerda/vaclav-smerda__r5a2879.jpg
original,/Users/giorgio/Documents/Přezletice 26/Originální fotky/01_kandidati/07_vaclav-smerda/vaclav-smerda__r5a2880.jpg,/Users/giorgio/Documents/Přezletice 26/Originální fotky/01_kandidati/01_originalni_fotky/07_vaclav-smerda/vaclav-smerda__r5a2880.jpg
original,/Users/giorgio/Documents/Přezletice 26/Originální fotky/01_kandidati/07_vaclav-smerda/vaclav-smerda__r5a2881.jpg,/Users/giorgio/Documents/Přezletice 26/Originální fotky/01_kandidati/01_originalni_fotky/07_vaclav-smerda/vaclav-smerda__r5a2881.jpg
original,/Users/giorgio/Documents/Přezletice 26/Originální fotky/01_kandidati/07_vaclav-smerda/vaclav-smerda__r5a2882.jpg,/Users/giorgio/Documents/Přezletice 26/Originální fotky/01_kandidati/01_originalni_fotky/07_vaclav-smerda/vaclav-smerda__r5a2882.jpg
original,/Users/giorgio/Documents/Přezletice 26/Originální fotky/01_kandidati/07_vaclav-smerda/vaclav-smerda__r5a2883.jpg,/Users/giorgio/Documents/Přezletice 26/Originální fotky/01_kandidati/01_originalni_fotky/07_vaclav-smerda/vaclav-smerda__r5a2883.jpg
original,/Users/giorgio/Documents/Přezletice 26/Originální fotky/01_kandidati/07_vaclav-smerda/vaclav-smerda__r5a2884.jpg,/Users/giorgio/Documents/Přezletice 26/Originální fotky/01_kandidati/01_originalni_fotky/07_vaclav-smerda/vaclav-smerda__r5a2884.jpg
original,/Users/giorgio/Documents/Přezletice 26/Originální fotky/01_kandidati/07_vaclav-smerda/vaclav-smerda__r5a2885.jpg,/Users/giorgio/Documents/Přezletice 26/Originální fotky/01_kandidati/01_originalni_fotky/07_vaclav-smerda/vaclav-smerda__r5a2885.jpg
original,/Users/giorgio/Documents/Přezletice 26/Originální fotky/01_kandidati/07_vaclav-smerda/vaclav-smerda__r5a2886.jpg,/Users/giorgio/Documents/Přezletice 26/Originální fotky/01_kandidati/01_originalni_fotky/07_vaclav-smerda/vaclav-smerda__r5a2886.jpg
original,/Users/giorgio/Documents/Přezletice 26/Originální fotky/01_kandidati/07_vaclav-smerda/vaclav-smerda__r5a2887.jpg,/Users/giorgio/Documents/Přezletice 26/Originální fotky/01_kandidati/01_originalni_fotky/07_vaclav-smerda/vaclav-smerda__r5a2887.jpg
original,/Users/giorgio/Documents/Přezletice 26/Originální fotky/01_kandidati/07_vaclav-smerda/vaclav-smerda__r5a2888.jpg,/Users/giorgio/Documents/Přezletice 26/Originální fotky/01_kandidati/01_originalni_fotky/07_vaclav-smerda/vaclav-smerda__r5a2888.jpg
original,/Users/giorgio/Documents/Přezletice 26/Originální fotky/01_kandidati/08_bretislav-lukes/bretislav-lukes__r5a2841.jpg,/Users/giorgio/Documents/Přezletice 26/Originální fotky/01_kandidati/01_originalni_fotky/08_bretislav-lukes/bretislav-lukes__r5a2841.jpg
original,/Users/giorgio/Documents/Přezletice 26/Originální fotky/01_kandidati/08_bretislav-lukes/bretislav-lukes__r5a2842.jpg,/Users/giorgio/Documents/Přezletice 26/Originální fotky/01_kandidati/01_originalni_fotky/08_bretislav-lukes/bretislav-lukes__r5a2842.jpg
original,/Users/giorgio/Documents/Přezletice 26/Originální fotky/01_kandidati/08_bretislav-lukes/bretislav-lukes__r5a2843.jpg,/Users/giorgio/Documents/Přezletice 26/Originální fotky/01_kandidati/01_originalni_fotky/08_bretislav-lukes/bretislav-lukes__r5a2843.jpg
original,/Users/giorgio/Documents/Přezletice 26/Originální fotky/01_kandidati/08_bretislav-lukes/bretislav-lukes__r5a2844.jpg,/Users/giorgio/Documents/Přezletice 26/Originální fotky/01_kandidati/01_originalni_fotky/08_bretislav-lukes/bretislav-lukes__r5a2844.jpg
original,/Users/giorgio/Documents/Přezletice 26/Originální fotky/01_kandidati/08_bretislav-lukes/bretislav-lukes__r5a2845.jpg,/Users/giorgio/Documents/Přezletice 26/Originální fotky/01_kandidati/01_originalni_fotky/08_bretislav-lukes/bretislav-lukes__r5a2845.jpg
original,/Users/giorgio/Documents/Přezletice 26/Originální fotky/01_kandidati/08_bretislav-lukes/bretislav-lukes__r5a2846.jpg,/Users/giorgio/Documents/Přezletice 26/Originální fotky/01_kandidati/01_originalni_fotky/08_bretislav-lukes/bretislav-lukes__r5a2846.jpg
original,/Users/giorgio/Documents/Přezletice 26/Originální fotky/01_kandidati/08_bretislav-lukes/bretislav-lukes__r5a2847.jpg,/Users/giorgio/Documents/Přezletice 26/Originální fotky/01_kandidati/01_originalni_fotky/08_bretislav-lukes/bretislav-lukes__r5a2847.jpg
original,/Users/giorgio/Documents/Přezletice 26/Originální fotky/01_kandidati/08_bretislav-lukes/bretislav-lukes__r5a2848.jpg,/Users/giorgio/Documents/Přezletice 26/Originální fotky/01_kandidati/01_originalni_fotky/08_bretislav-lukes/bretislav-lukes__r5a2848.jpg
original,/Users/giorgio/Documents/Přezletice 26/Originální fotky/01_kandidati/08_bretislav-lukes/bretislav-lukes__r5a2850.jpg,/Users/giorgio/Documents/Přezletice 26/Originální fotky/01_kandidati/01_originalni_fotky/08_bretislav-lukes/bretislav-lukes__r5a2850.jpg
original,/Users/giorgio/Documents/Přezletice 26/Originální fotky/01_kandidati/08_bretislav-lukes/bretislav-lukes__r5a2851.jpg,/Users/giorgio/Documents/Přezletice 26/Originální fotky/01_kandidati/01_originalni_fotky/08_bretislav-lukes/bretislav-lukes__r5a2851.jpg
original,/Users/giorgio/Documents/Přezletice 26/Originální fotky/01_kandidati/08_bretislav-lukes/bretislav-lukes__r5a2852.jpg,/Users/giorgio/Documents/Přezletice 26/Originální fotky/01_kandidati/01_originalni_fotky/08_bretislav-lukes/bretislav-lukes__r5a2852.jpg
original,/Users/giorgio/Documents/Přezletice 26/Originální fotky/01_kandidati/08_bretislav-lukes/bretislav-lukes__r5a2853.jpg,/Users/giorgio/Documents/Přezletice 26/Originální fotky/01_kandidati/01_originalni_fotky/08_bretislav-lukes/bretislav-lukes__r5a2853.jpg
original,/Users/giorgio/Documents/Přezletice 26/Originální fotky/01_kandidati/08_bretislav-lukes/bretislav-lukes__r5a2854.jpg,/Users/giorgio/Documents/Přezletice 26/Originální fotky/01_kandidati/01_originalni_fotky/08_bretislav-lukes/bretislav-lukes__r5a2854.jpg
original,/Users/giorgio/Documents/Přezletice 26/Originální fotky/01_kandidati/08_bretislav-lukes/bretislav-lukes__r5a2855.jpg,/Users/giorgio/Documents/Přezletice 26/Originální fotky/01_kandidati/01_originalni_fotky/08_bretislav-lukes/bretislav-lukes__r5a2855.jpg
original,/Users/giorgio/Documents/Přezletice 26/Originální fotky/01_kandidati/08_bretislav-lukes/bretislav-lukes__r5a2856.jpg,/Users/giorgio/Documents/Přezletice 26/Originální fotky/01_kandidati/01_originalni_fotky/08_bretislav-lukes/bretislav-lukes__r5a2856.jpg
original,/Users/giorgio/Documents/Přezletice 26/Originální fotky/01_kandidati/08_bretislav-lukes/bretislav-lukes__r5a2858.jpg,/Users/giorgio/Documents/Přezletice 26/Originální fotky/01_kandidati/01_originalni_fotky/08_bretislav-lukes/bretislav-lukes__r5a2858.jpg
original,/Users/giorgio/Documents/Přezletice 26/Originální fotky/01_kandidati/08_bretislav-lukes/bretislav-lukes__r5a2859.jpg,/Users/giorgio/Documents/Přezletice 26/Originální fotky/01_kandidati/01_originalni_fotky/08_bretislav-lukes/bretislav-lukes__r5a2859.jpg
original,/Users/giorgio/Documents/Přezletice 26/Originální fotky/01_kandidati/08_bretislav-lukes/bretislav-lukes__r5a2860.jpg,/Users/giorgio/Documents/Přezletice 26/Originální fotky/01_kandidati/01_originalni_fotky/08_bretislav-lukes/bretislav-lukes__r5a2860.jpg
original,/Users/giorgio/Documents/Přezletice 26/Originální fotky/01_kandidati/08_bretislav-lukes/bretislav-lukes__r5a2861.jpg,/Users/giorgio/Documents/Přezletice 26/Originální fotky/01_kandidati/01_originalni_fotky/08_bretislav-lukes/bretislav-lukes__r5a2861.jpg
original,/Users/giorgio/Documents/Přezletice 26/Originální fotky/01_kandidati/08_bretislav-lukes/bretislav-lukes__r5a2862.jpg,/Users/giorgio/Documents/Přezletice 26/Originální fotky/01_kandidati/01_originalni_fotky/08_bretislav-lukes/bretislav-lukes__r5a2862.jpg
original,/Users/giorgio/Documents/Přezletice 26/Originální fotky/01_kandidati/08_bretislav-lukes/bretislav-lukes__r5a2863.jpg,/Users/giorgio/Documents/Přezletice 26/Originální fotky/01_kandidati/01_originalni_fotky/08_bretislav-lukes/bretislav-lukes__r5a2863.jpg
original,/Users/giorgio/Documents/Přezletice 26/Originální fotky/01_kandidati/08_bretislav-lukes/bretislav-lukes__r5a2866.jpg,/Users/giorgio/Documents/Přezletice 26/Originální fotky/01_kandidati/01_originalni_fotky/08_bretislav-lukes/bretislav-lukes__r5a2866.jpg
original,/Users/giorgio/Documents/Přezletice 26/Originální fotky/01_kandidati/09_lenka-brozova/lenka-brozova__r5a2974.jpg,/Users/giorgio/Documents/Přezletice 26/Originální fotky/01_kandidati/01_originalni_fotky/09_lenka-brozova/lenka-brozova__r5a2974.jpg
original,/Users/giorgio/Documents/Přezletice 26/Originální fotky/01_kandidati/09_lenka-brozova/lenka-brozova__r5a2975.jpg,/Users/giorgio/Documents/Přezletice 26/Originální fotky/01_kandidati/01_originalni_fotky/09_lenka-brozova/lenka-brozova__r5a2975.jpg
original,/Users/giorgio/Documents/Přezletice 26/Originální fotky/01_kandidati/09_lenka-brozova/lenka-brozova__r5a2976.jpg,/Users/giorgio/Documents/Přezletice 26/Originální fotky/01_kandidati/01_originalni_fotky/09_lenka-brozova/lenka-brozova__r5a2976.jpg
original,/Users/giorgio/Documents/Přezletice 26/Originální fotky/01_kandidati/09_lenka-brozova/lenka-brozova__r5a2979.jpg,/Users/giorgio/Documents/Přezletice 26/Originální fotky/01_kandidati/01_originalni_fotky/09_lenka-brozova/lenka-brozova__r5a2979.jpg
original,/Users/giorgio/Documents/Přezletice 26/Originální fotky/01_kandidati/09_lenka-brozova/lenka-brozova__r5a2980.jpg,/Users/giorgio/Documents/Přezletice 26/Originální fotky/01_kandidati/01_originalni_fotky/09_lenka-brozova/lenka-brozova__r5a2980.jpg
original,/Users/giorgio/Documents/Přezletice 26/Originální fotky/01_kandidati/09_lenka-brozova/lenka-brozova__r5a2981.jpg,/Users/giorgio/Documents/Přezletice 26/Originální fotky/01_kandidati/01_originalni_fotky/09_lenka-brozova/lenka-brozova__r5a2981.jpg
original,/Users/giorgio/Documents/Přezletice 26/Originální fotky/01_kandidati/09_lenka-brozova/lenka-brozova__r5a2982.jpg,/Users/giorgio/Documents/Přezletice 26/Originální fotky/01_kandidati/01_originalni_fotky/09_lenka-brozova/lenka-brozova__r5a2982.jpg
original,/Users/giorgio/Documents/Přezletice 26/Originální fotky/01_kandidati/09_lenka-brozova/lenka-brozova__r5a2983.jpg,/Users/giorgio/Documents/Přezletice 26/Originální fotky/01_kandidati/01_originalni_fotky/09_lenka-brozova/lenka-brozova__r5a2983.jpg
original,/Users/giorgio/Documents/Přezletice 26/Originální fotky/01_kandidati/09_lenka-brozova/lenka-brozova__r5a2984.jpg,/Users/giorgio/Documents/Přezletice 26/Originální fotky/01_kandidati/01_originalni_fotky/09_lenka-brozova/lenka-brozova__r5a2984.jpg
original,/Users/giorgio/Documents/Přezletice 26/Originální fotky/01_kandidati/09_lenka-brozova/lenka-brozova__r5a2988.jpg,/Users/giorgio/Documents/Přezletice 26/Originální fotky/01_kandidati/01_originalni_fotky/09_lenka-brozova/lenka-brozova__r5a2988.jpg
original,/Users/giorgio/Documents/Přezletice 26/Originální fotky/01_kandidati/09_lenka-brozova/lenka-brozova__r5a2990.jpg,/Users/giorgio/Documents/Přezletice 26/Originální fotky/01_kandidati/01_originalni_fotky/09_lenka-brozova/lenka-brozova__r5a2990.jpg
original,/Users/giorgio/Documents/Přezletice 26/Originální fotky/01_kandidati/09_lenka-brozova/lenka-brozova__r5a2992.jpg,/Users/giorgio/Documents/Přezletice 26/Originální fotky/01_kandidati/01_originalni_fotky/09_lenka-brozova/lenka-brozova__r5a2992.jpg
original,/Users/giorgio/Documents/Přezletice 26/Originální fotky/01_kandidati/09_lenka-brozova/lenka-brozova__r5a2993.jpg,/Users/giorgio/Documents/Přezletice 26/Originální fotky/01_kandidati/01_originalni_fotky/09_lenka-brozova/lenka-brozova__r5a2993.jpg
original,/Users/giorgio/Documents/Přezletice 26/Originální fotky/01_kandidati/09_lenka-brozova/lenka-brozova__r5a2994.jpg,/Users/giorgio/Documents/Přezletice 26/Originální fotky/01_kandidati/01_originalni_fotky/09_lenka-brozova/lenka-brozova__r5a2994.jpg
original,/Users/giorgio/Documents/Přezletice 26/Originální fotky/01_kandidati/09_lenka-brozova/lenka-brozova__r5a2995.jpg,/Users/giorgio/Documents/Přezletice 26/Originální fotky/01_kandidati/01_originalni_fotky/09_lenka-brozova/lenka-brozova__r5a2995.jpg
original,/Users/giorgio/Documents/Přezletice 26/Originální fotky/01_kandidati/09_lenka-brozova/lenka-brozova__r5a2996.jpg,/Users/giorgio/Documents/Přezletice 26/Originální fotky/01_kandidati/01_originalni_fotky/09_lenka-brozova/lenka-brozova__r5a2996.jpg
original,/Users/giorgio/Documents/Přezletice 26/Originální fotky/01_kandidati/10_jakub-triska/jakub-triska__r5a2919.jpg,/Users/giorgio/Documents/Přezletice 26/Originální fotky/01_kandidati/01_originalni_fotky/10_jakub-triska/jakub-triska__r5a2919.jpg
original,/Users/giorgio/Documents/Přezletice 26/Originální fotky/01_kandidati/10_jakub-triska/jakub-triska__r5a2920.jpg,/Users/giorgio/Documents/Přezletice 26/Originální fotky/01_kandidati/01_originalni_fotky/10_jakub-triska/jakub-triska__r5a2920.jpg
original,/Users/giorgio/Documents/Přezletice 26/Originální fotky/01_kandidati/10_jakub-triska/jakub-triska__r5a2921.jpg,/Users/giorgio/Documents/Přezletice 26/Originální fotky/01_kandidati/01_originalni_fotky/10_jakub-triska/jakub-triska__r5a2921.jpg
original,/Users/giorgio/Documents/Přezletice 26/Originální fotky/01_kandidati/10_jakub-triska/jakub-triska__r5a2922.jpg,/Users/giorgio/Documents/Přezletice 26/Originální fotky/01_kandidati/01_originalni_fotky/10_jakub-triska/jakub-triska__r5a2922.jpg
original,/Users/giorgio/Documents/Přezletice 26/Originální fotky/01_kandidati/10_jakub-triska/jakub-triska__r5a2923.jpg,/Users/giorgio/Documents/Přezletice 26/Originální fotky/01_kandidati/01_originalni_fotky/10_jakub-triska/jakub-triska__r5a2923.jpg
original,/Users/giorgio/Documents/Přezletice 26/Originální fotky/01_kandidati/10_jakub-triska/jakub-triska__r5a2924.jpg,/Users/giorgio/Documents/Přezletice 26/Originální fotky/01_kandidati/01_originalni_fotky/10_jakub-triska/jakub-triska__r5a2924.jpg
original,/Users/giorgio/Documents/Přezletice 26/Originální fotky/01_kandidati/10_jakub-triska/jakub-triska__r5a2925.jpg,/Users/giorgio/Documents/Přezletice 26/Originální fotky/01_kandidati/01_originalni_fotky/10_jakub-triska/jakub-triska__r5a2925.jpg
original,/Users/giorgio/Documents/Přezletice 26/Originální fotky/01_kandidati/10_jakub-triska/jakub-triska__r5a2926.jpg,/Users/giorgio/Documents/Přezletice 26/Originální fotky/01_kandidati/01_originalni_fotky/10_jakub-triska/jakub-triska__r5a2926.jpg
original,/Users/giorgio/Documents/Přezletice 26/Originální fotky/01_kandidati/10_jakub-triska/jakub-triska__r5a2927.jpg,/Users/giorgio/Documents/Přezletice 26/Originální fotky/01_kandidati/01_originalni_fotky/10_jakub-triska/jakub-triska__r5a2927.jpg
original,/Users/giorgio/Documents/Přezletice 26/Originální fotky/01_kandidati/10_jakub-triska/jakub-triska__r5a2928.jpg,/Users/giorgio/Documents/Přezletice 26/Originální fotky/01_kandidati/01_originalni_fotky/10_jakub-triska/jakub-triska__r5a2928.jpg
original,/Users/giorgio/Documents/Přezletice 26/Originální fotky/01_kandidati/11_vojta-broz/vojta-broz__r5a2997.jpg,/Users/giorgio/Documents/Přezletice 26/Originální fotky/01_kandidati/01_originalni_fotky/11_vojta-broz/vojta-broz__r5a2997.jpg
original,/Users/giorgio/Documents/Přezletice 26/Originální fotky/01_kandidati/11_vojta-broz/vojta-broz__r5a2998.jpg,/Users/giorgio/Documents/Přezletice 26/Originální fotky/01_kandidati/01_originalni_fotky/11_vojta-broz/vojta-broz__r5a2998.jpg
original,/Users/giorgio/Documents/Přezletice 26/Originální fotky/01_kandidati/11_vojta-broz/vojta-broz__r5a2999.jpg,/Users/giorgio/Documents/Přezletice 26/Originální fotky/01_kandidati/01_originalni_fotky/11_vojta-broz/vojta-broz__r5a2999.jpg
original,/Users/giorgio/Documents/Přezletice 26/Originální fotky/01_kandidati/11_vojta-broz/vojta-broz__r5a3000.jpg,/Users/giorgio/Documents/Přezletice 26/Originální fotky/01_kandidati/01_originalni_fotky/11_vojta-broz/vojta-broz__r5a3000.jpg
original,/Users/giorgio/Documents/Přezletice 26/Originální fotky/01_kandidati/11_vojta-broz/vojta-broz__r5a3001.jpg,/Users/giorgio/Documents/Přezletice 26/Originální fotky/01_kandidati/01_originalni_fotky/11_vojta-broz/vojta-broz__r5a3001.jpg
original,/Users/giorgio/Documents/Přezletice 26/Originální fotky/01_kandidati/11_vojta-broz/vojta-broz__r5a3002.jpg,/Users/giorgio/Documents/Přezletice 26/Originální fotky/01_kandidati/01_originalni_fotky/11_vojta-broz/vojta-broz__r5a3002.jpg
original,/Users/giorgio/Documents/Přezletice 26/Originální fotky/01_kandidati/11_vojta-broz/vojta-broz__r5a3003.jpg,/Users/giorgio/Documents/Přezletice 26/Originální fotky/01_kandidati/01_originalni_fotky/11_vojta-broz/vojta-broz__r5a3003.jpg
original,/Users/giorgio/Documents/Přezletice 26/Originální fotky/01_kandidati/11_vojta-broz/vojta-broz__r5a3004.jpg,/Users/giorgio/Documents/Přezletice 26/Originální fotky/01_kandidati/01_originalni_fotky/11_vojta-broz/vojta-broz__r5a3004.jpg
original,/Users/giorgio/Documents/Přezletice 26/Originální fotky/01_kandidati/11_vojta-broz/vojta-broz__r5a3005.jpg,/Users/giorgio/Documents/Přezletice 26/Originální fotky/01_kandidati/01_originalni_fotky/11_vojta-broz/vojta-broz__r5a3005.jpg
original,/Users/giorgio/Documents/Přezletice 26/Originální fotky/01_kandidati/11_vojta-broz/vojta-broz__r5a3006.jpg,/Users/giorgio/Documents/Přezletice 26/Originální fotky/01_kandidati/01_originalni_fotky/11_vojta-broz/vojta-broz__r5a3006.jpg
original,/Users/giorgio/Documents/Přezletice 26/Originální fotky/01_kandidati/11_vojta-broz/vojta-broz__r5a3008.jpg,/Users/giorgio/Documents/Přezletice 26/Originální fotky/01_kandidati/01_originalni_fotky/11_vojta-broz/vojta-broz__r5a3008.jpg
original,/Users/giorgio/Documents/Přezletice 26/Originální fotky/01_kandidati/12_tym-a-prapor/tym-a-prapor__r5a2780.jpg,/Users/giorgio/Documents/Přezletice 26/Originální fotky/01_kandidati/01_originalni_fotky/12_tym-a-prapor/tym-a-prapor__r5a2780.jpg
original,/Users/giorgio/Documents/Přezletice 26/Originální fotky/01_kandidati/12_tym-a-prapor/tym-a-prapor__r5a2781.jpg,/Users/giorgio/Documents/Přezletice 26/Originální fotky/01_kandidati/01_originalni_fotky/12_tym-a-prapor/tym-a-prapor__r5a2781.jpg
original,/Users/giorgio/Documents/Přezletice 26/Originální fotky/01_kandidati/12_tym-a-prapor/tym-a-prapor__r5a2782.jpg,/Users/giorgio/Documents/Přezletice 26/Originální fotky/01_kandidati/01_originalni_fotky/12_tym-a-prapor/tym-a-prapor__r5a2782.jpg
original,/Users/giorgio/Documents/Přezletice 26/Originální fotky/01_kandidati/12_tym-a-prapor/tym-a-prapor__r5a2791.jpg,/Users/giorgio/Documents/Přezletice 26/Originální fotky/01_kandidati/01_originalni_fotky/12_tym-a-prapor/tym-a-prapor__r5a2791.jpg
original,/Users/giorgio/Documents/Přezletice 26/Originální fotky/01_kandidati/12_tym-a-prapor/tym-a-prapor__r5a2801.jpg,/Users/giorgio/Documents/Přezletice 26/Originální fotky/01_kandidati/01_originalni_fotky/12_tym-a-prapor/tym-a-prapor__r5a2801.jpg
original,/Users/giorgio/Documents/Přezletice 26/Originální fotky/01_kandidati/12_tym-a-prapor/tym-a-prapor__r5a2803.jpg,/Users/giorgio/Documents/Přezletice 26/Originální fotky/01_kandidati/01_originalni_fotky/12_tym-a-prapor/tym-a-prapor__r5a2803.jpg
original,/Users/giorgio/Documents/Přezletice 26/Originální fotky/01_kandidati/12_tym-a-prapor/tym-a-prapor__r5a2804.jpg,/Users/giorgio/Documents/Přezletice 26/Originální fotky/01_kandidati/01_originalni_fotky/12_tym-a-prapor/tym-a-prapor__r5a2804.jpg
original,/Users/giorgio/Documents/Přezletice 26/Originální fotky/01_kandidati/12_tym-a-prapor/tym-a-prapor__r5a2808.jpg,/Users/giorgio/Documents/Přezletice 26/Originální fotky/01_kandidati/01_originalni_fotky/12_tym-a-prapor/tym-a-prapor__r5a2808.jpg
original,/Users/giorgio/Documents/Přezletice 26/Originální fotky/01_kandidati/12_tym-a-prapor/tym-a-prapor__r5a2809.jpg,/Users/giorgio/Documents/Přezletice 26/Originální fotky/01_kandidati/01_originalni_fotky/12_tym-a-prapor/tym-a-prapor__r5a2809.jpg
original,/Users/giorgio/Documents/Přezletice 26/Originální fotky/01_kandidati/12_tym-a-prapor/tym-a-prapor__r5a2811.jpg,/Users/giorgio/Documents/Přezletice 26/Originální fotky/01_kandidati/01_originalni_fotky/12_tym-a-prapor/tym-a-prapor__r5a2811.jpg
original,/Users/giorgio/Documents/Přezletice 26/Originální fotky/01_kandidati/12_tym-a-prapor/tym-a-prapor__r5a2812.jpg,/Users/giorgio/Documents/Přezletice 26/Originální fotky/01_kandidati/01_originalni_fotky/12_tym-a-prapor/tym-a-prapor__r5a2812.jpg
vyber-agentury-kopie,/Users/giorgio/Desktop/přezletice pro Codex/Kandidáti jednotlivě/Tomáš Říha.jpg,/Users/giorgio/Documents/Přezletice 26/Originální fotky/01_kandidati/02_vybrano_agenturou/01-tomas-riha.jpg
vyber-agentury-kopie,/Users/giorgio/Desktop/přezletice pro Codex/Kandidáti jednotlivě/Jan Macourek.jpg,/Users/giorgio/Documents/Přezletice 26/Originální fotky/01_kandidati/02_vybrano_agenturou/02-jan-macourek.jpg
vyber-agentury-kopie,/Users/giorgio/Desktop/přezletice pro Codex/Kandidáti jednotlivě/Romana Bernardová.jpg,/Users/giorgio/Documents/Přezletice 26/Originální fotky/01_kandidati/02_vybrano_agenturou/03-romana-bernardova.jpg
vyber-agentury-kopie,/Users/giorgio/Desktop/přezletice pro Codex/Kandidáti jednotlivě/Lenka Bulová.jpg,/Users/giorgio/Documents/Přezletice 26/Originální fotky/01_kandidati/02_vybrano_agenturou/04-lenka-bulova.jpg
vyber-agentury-kopie,/Users/giorgio/Desktop/přezletice pro Codex/Kandidáti jednotlivě/Jan Káňa.jpg,/Users/giorgio/Documents/Přezletice 26/Originální fotky/01_kandidati/02_vybrano_agenturou/05-jan-kana.jpg
vyber-agentury-kopie,/Users/giorgio/Desktop/přezletice pro Codex/Kandidáti jednotlivě/Pavel Řeřucha.jpg,/Users/giorgio/Documents/Přezletice 26/Originální fotky/01_kandidati/02_vybrano_agenturou/06-pavel-rerucha.jpg
vyber-agentury-kopie,/Users/giorgio/Desktop/přezletice pro Codex/Kandidáti jednotlivě/Václav Šmerda.jpg,/Users/giorgio/Documents/Přezletice 26/Originální fotky/01_kandidati/02_vybrano_agenturou/07-vaclav-smerda.jpg
vyber-agentury-kopie,/Users/giorgio/Desktop/přezletice pro Codex/Kandidáti jednotlivě/Břetislav Lukeš.jpg,/Users/giorgio/Documents/Přezletice 26/Originální fotky/01_kandidati/02_vybrano_agenturou/08-bretislav-lukes.jpg
vyber-agentury-kopie,/Users/giorgio/Desktop/přezletice pro Codex/Kandidáti jednotlivě/Lenka Brožová.jpg,/Users/giorgio/Documents/Přezletice 26/Originální fotky/01_kandidati/02_vybrano_agenturou/09-lenka-brozova.jpg
vyber-agentury-kopie,/Users/giorgio/Desktop/přezletice pro Codex/Kandidáti jednotlivě/Jakub Tříska.jpg,/Users/giorgio/Documents/Přezletice 26/Originální fotky/01_kandidati/02_vybrano_agenturou/10-jakub-triska.jpg
vyber-agentury-kopie,/Users/giorgio/Desktop/přezletice pro Codex/Kandidáti jednotlivě/Vojta Brož.jpg,/Users/giorgio/Documents/Přezletice 26/Originální fotky/01_kandidati/02_vybrano_agenturou/11-vojta-broz.jpg
