soubor,cislo,stav,pocet_shod,projekty,sirka_px,vyska_px,velikost_b,upravena_varianta,zdrojova_cesta,dhash,ostrost,sha256,presna_duplicita,kontrola_ostrosti,nejblizsi_zaber,vizualni_vzdalenost,kontrola_podobnosti
dalsi-lokalni-zelen__y7a6661.jpg,6661,zarazeno,1,01_zivotni_prostredi/dalsi-lokalni-zelen,5472,3648,11549017,False,/Users/giorgio/Documents/Přezletice 26/Originální fotky/02_projekty/01_zivotni_prostredi/dalsi-lokalni-zelen/dalsi-lokalni-zelen__y7a6661.jpg,cc889992dcdc389a,73.594,6626e2e4c3da4871ec84b46003b5f8637a2191e85282798b9a69337abd1cc162,,False,krizovatka-nohavice__y7a6830.jpg,18,False
hruskove-aleje-a-dalsi-zelen__y7a6678.jpg,6678,zarazeno,1,01_zivotni_prostredi/hruskove-aleje-a-dalsi-zelen,5444,3629,13613638,False,/Users/giorgio/Documents/Přezletice 26/Originální fotky/02_projekty/01_zivotni_prostredi/hruskove-aleje-a-dalsi-zelen/hruskove-aleje-a-dalsi-zelen__y7a6678.jpg,a787858182c0e0f0,134.272,66740ab654c5e23fb25ca1db524f3eb38016c256818898db39858d27770f29c0,,False,hruskove-aleje-a-dalsi-zelen__y7a6683.jpg,17,False
hruskove-aleje-a-dalsi-zelen__y7a6679.jpg,6679,zarazeno,1,01_zivotni_prostredi/hruskove-aleje-a-dalsi-zelen,5472,3648,14782889,False,/Users/giorgio/Documents/Přezletice 26/Originální fotky/02_projekty/01_zivotni_prostredi/hruskove-aleje-a-dalsi-zelen/hruskove-aleje-a-dalsi-zelen__y7a6679.jpg,c0e2d1f1f29834f4,130.735,8a04ff62803b3ffad5f0a9d6ea952c6f39e2127105ec7cdcfe67eb4da0c27617,,False,rekonstrukce-prutahovych-komunikaci__y7a6747.jpg,16,False
hruskove-aleje-a-dalsi-zelen__y7a6680.jpg,6680,zarazeno,1,01_zivotni_prostredi/hruskove-aleje-a-dalsi-zelen,5058,3372,13440931,False,/Users/giorgio/Documents/Přezletice 26/Originální fotky/02_projekty/01_zivotni_prostredi/hruskove-aleje-a-dalsi-zelen/hruskove-aleje-a-dalsi-zelen__y7a6680.jpg,dcd2f2f031f4f2f0,169.337,9af0afc6beaba151023fd009711c356603c15ec12fbffc3af11ce23a0c439cb0,,False,hruskove-aleje-a-dalsi-zelen__y7a6681.jpg,17,False
hruskove-aleje-a-dalsi-zelen__y7a6681.jpg,6681,zarazeno,1,01_zivotni_prostredi/hruskove-aleje-a-dalsi-zelen,5472,3648,15867238,False,/Users/giorgio/Documents/Přezletice 26/Originální fotky/02_projekty/01_zivotni_prostredi/hruskove-aleje-a-dalsi-zelen/hruskove-aleje-a-dalsi-zelen__y7a6681.jpg,d474666268e4f2d0,151.712,c4cab3779ff7cb73753fd047be5f724da11ce1ce95bb4511cf38d901716367ec,,False,hruskove-aleje-a-dalsi-zelen__y7a6680.jpg,17,False
hruskove-aleje-a-dalsi-zelen__y7a6682.jpg,6682,zarazeno,4,01_zivotni_prostredi/hruskove-aleje-a-dalsi-zelen | 01_zivotni_prostredi/sad-nad-ms | 04_skolstvi/druhy-pavilon-ms | 04_skolstvi/nastavba-ms-detska-skupina,5472,3648,13526263,False,/Users/giorgio/Documents/Přezletice 26/Originální fotky/02_projekty/01_zivotni_prostredi/hruskove-aleje-a-dalsi-zelen/hruskove-aleje-a-dalsi-zelen__y7a6682.jpg,ec1cc8c4a6a2e0c0,120.727,e00f6ade855f685aa6df9651a3132118a4754768aeca0b4d3fe77d29d27af959,,False,hruskove-aleje-a-dalsi-zelen__y7a6687.jpg,18,False
hruskove-aleje-a-dalsi-zelen__y7a6683.jpg,6683,zarazeno,4,01_zivotni_prostredi/hruskove-aleje-a-dalsi-zelen | 01_zivotni_prostredi/sad-nad-ms | 04_skolstvi/druhy-pavilon-ms | 04_skolstvi/nastavba-ms-detska-skupina,5343,3562,14236078,False,/Users/giorgio/Documents/Přezletice 26/Originální fotky/02_projekty/01_zivotni_prostredi/hruskove-aleje-a-dalsi-zelen/hruskove-aleje-a-dalsi-zelen__y7a6683.jpg,e6a4e1a0b0f0e0d4,146.313,1da62ed1df3ff6815fc2910dfd8e563453331608f3fb3d1d9022829d9fe9e573,,False,hruskove-aleje-a-dalsi-zelen__y7a6687.jpg,16,False
hruskove-aleje-a-dalsi-zelen__y7a6684.jpg,6684,zarazeno,4,01_zivotni_prostredi/hruskove-aleje-a-dalsi-zelen | 01_zivotni_prostredi/sad-nad-ms | 04_skolstvi/druhy-pavilon-ms | 04_skolstvi/nastavba-ms-detska-skupina,5400,3600,14418732,False,/Users/giorgio/Documents/Přezletice 26/Originální fotky/02_projekty/01_zivotni_prostredi/hruskove-aleje-a-dalsi-zelen/hruskove-aleje-a-dalsi-zelen__y7a6684.jpg,e0e00064e492f1cc,155.229,04399596179af761acf40c99794d8e012042fb17d09df533bf6716f1b6a790c5,,False,hruskove-aleje-a-dalsi-zelen__y7a6682.jpg,21,False
hruskove-aleje-a-dalsi-zelen__y7a6685.jpg,6685,zarazeno,4,01_zivotni_prostredi/hruskove-aleje-a-dalsi-zelen | 01_zivotni_prostredi/sad-nad-ms | 04_skolstvi/druhy-pavilon-ms | 04_skolstvi/nastavba-ms-detska-skupina,5098,3399,13559652,False,/Users/giorgio/Documents/Přezletice 26/Originální fotky/02_projekty/01_zivotni_prostredi/hruskove-aleje-a-dalsi-zelen/hruskove-aleje-a-dalsi-zelen__y7a6685.jpg,a4e18094b4e4e4a6,136.282,d0024912fe0f9117c4abfcebed96a56080309222ad4d70a301a15ce61e5237cc,,False,hruskove-aleje-a-dalsi-zelen__y7a6687.jpg,15,False
hruskove-aleje-a-dalsi-zelen__y7a6686.jpg,6686,zarazeno,4,01_zivotni_prostredi/hruskove-aleje-a-dalsi-zelen | 01_zivotni_prostredi/sad-nad-ms | 04_skolstvi/druhy-pavilon-ms | 04_skolstvi/nastavba-ms-detska-skupina,5472,3648,16674320,False,/Users/giorgio/Documents/Přezletice 26/Originální fotky/02_projekty/01_zivotni_prostredi/hruskove-aleje-a-dalsi-zelen/hruskove-aleje-a-dalsi-zelen__y7a6686.jpg,e08123a37166c60b,200.428,4336dff4c267ed70025b75a4bb65af3ba4b658f2abb438d474fab85c68594a01,,False,zelen-mistni-komunikace__y7a6677.jpg,19,False
hruskove-aleje-a-dalsi-zelen__y7a6687.jpg,6687,zarazeno,4,01_zivotni_prostredi/hruskove-aleje-a-dalsi-zelen | 01_zivotni_prostredi/sad-nad-ms | 04_skolstvi/druhy-pavilon-ms | 04_skolstvi/nastavba-ms-detska-skupina,5227,3485,13631954,False,/Users/giorgio/Documents/Přezletice 26/Originální fotky/02_projekty/01_zivotni_prostredi/hruskove-aleje-a-dalsi-zelen/hruskove-aleje-a-dalsi-zelen__y7a6687.jpg,e6b0f0c4d4e4e4e0,135.601,8a0fa9c8cf1c83237420cb4ce7ee4dc683130010b70521564d67b564df76b391,,False,hruskove-aleje-a-dalsi-zelen__y7a6685.jpg,15,False
hruskove-aleje-a-dalsi-zelen__y7a6877.jpg,6877,zarazeno,1,01_zivotni_prostredi/hruskove-aleje-a-dalsi-zelen,5472,3648,13673469,False,/Users/giorgio/Documents/Přezletice 26/Originální fotky/02_projekty/01_zivotni_prostredi/hruskove-aleje-a-dalsi-zelen/hruskove-aleje-a-dalsi-zelen__y7a6877.jpg,0b25e7d357e4983a,128.700,b8f7bd4da8ea28ca041e9d75bd8e700bb10c16ea94ded3ec884ec1533e5bf6b1,,False,detska-hriste__y7a6834.jpg,16,False
hruskove-aleje-a-dalsi-zelen__y7a6878.jpg,6878,zarazeno,1,01_zivotni_prostredi/hruskove-aleje-a-dalsi-zelen,5141,3428,14356309,False,/Users/giorgio/Documents/Přezletice 26/Originální fotky/02_projekty/01_zivotni_prostredi/hruskove-aleje-a-dalsi-zelen/hruskove-aleje-a-dalsi-zelen__y7a6878.jpg,4f0f2b096bcf1c02,273.479,9e8139e6fae3e0206f12bb9c4af22a3f6d983cf7926e42903a6340d2475e36b0,,False,revitalizace-rybnika__y7a6851.jpg,23,False
hruskove-aleje-a-dalsi-zelen__y7a6879.jpg,6879,zarazeno,1,01_zivotni_prostredi/hruskove-aleje-a-dalsi-zelen,5472,3648,16024790,False,/Users/giorgio/Documents/Přezletice 26/Originální fotky/02_projekty/01_zivotni_prostredi/hruskove-aleje-a-dalsi-zelen/hruskove-aleje-a-dalsi-zelen__y7a6879.jpg,cf473c2f3f78e0f0,232.250,4e6ae28226ac7ee6db0b4d4a43f83930fc66dde16d66b08e5062af26ab060f6c,,False,elektronicka-uredni-deska__y7a6734.jpg,21,False
hruskove-aleje-a-dalsi-zelen__y7a6880.jpg,6880,zarazeno,1,01_zivotni_prostredi/hruskove-aleje-a-dalsi-zelen,5387,3591,15059705,False,/Users/giorgio/Documents/Přezletice 26/Originální fotky/02_projekty/01_zivotni_prostredi/hruskove-aleje-a-dalsi-zelen/hruskove-aleje-a-dalsi-zelen__y7a6880.jpg,2d0c8d8db89b82f1,233.368,f87536df9d3e05def792fad1c206b4bec7ab95988520a738436909a58521ba54,,False,prakticky-lekar-a-ordinace__y7a6807.jpg,18,False
hruskove-aleje-a-dalsi-zelen__y7a6881.jpg,6881,zarazeno,1,01_zivotni_prostredi/hruskove-aleje-a-dalsi-zelen,5472,3648,14018482,False,/Users/giorgio/Documents/Přezletice 26/Originální fotky/02_projekty/01_zivotni_prostredi/hruskove-aleje-a-dalsi-zelen/hruskove-aleje-a-dalsi-zelen__y7a6881.jpg,1f66464e257974f3,151.225,959ceb15af545b6389ac9f190fad055510ab34d02b4ff363f1e67caddf6bb79c,,False,zelen-mistni-komunikace__y7a6674.jpg,21,False
hruskove-aleje-a-dalsi-zelen__y7a6882.jpg,6882,zarazeno,1,01_zivotni_prostredi/hruskove-aleje-a-dalsi-zelen,5472,3648,13667325,False,/Users/giorgio/Documents/Přezletice 26/Originální fotky/02_projekty/01_zivotni_prostredi/hruskove-aleje-a-dalsi-zelen/hruskove-aleje-a-dalsi-zelen__y7a6882.jpg,1d1c1f17c69f3404,223.454,5233a4fc9afc34b26bbf4c904cebe7444f152957ea535d094135c2b315ab7aa5,,False,workoutove-hriste__y7a6845.jpg,21,False
revitalizace-rybnika__y7a6841.jpg,6841,zarazeno,1,01_zivotni_prostredi/revitalizace-rybnika,5472,3648,20387598,False,/Users/giorgio/Documents/Přezletice 26/Originální fotky/02_projekty/01_zivotni_prostredi/revitalizace-rybnika/revitalizace-rybnika__y7a6841.jpg,978f9f9a9b95d51f,423.709,ed21797db13ca72061a0efe6fd65234c7b26a655b5a7b43537312bcce1c0aab2,,False,krizovatka-nohavice__y7a6830.jpg,21,False
revitalizace-rybnika__y7a6842.jpg,6842,zarazeno,1,01_zivotni_prostredi/revitalizace-rybnika,5472,3648,19045335,False,/Users/giorgio/Documents/Přezletice 26/Originální fotky/02_projekty/01_zivotni_prostredi/revitalizace-rybnika/revitalizace-rybnika__y7a6842.jpg,f6f4684cc95ab796,412.792,e765d7e984e20ecb74e60e27e9d48585ad2859dbd72f33b6370f0d65f7a1d0ce,,False,zahrada-ms__y7a6696.jpg,22,False
revitalizace-rybnika__y7a6843.jpg,6843,zarazeno,1,01_zivotni_prostredi/revitalizace-rybnika,5472,3648,17937135,False,/Users/giorgio/Documents/Přezletice 26/Originální fotky/02_projekty/01_zivotni_prostredi/revitalizace-rybnika/revitalizace-rybnika__y7a6843.jpg,dfd33333a32bd74e,318.532,0bc516dab9a0a228978c07fdcaac75a8c83e101318bacf259dedc2240ee35419,,False,komunitni-centrum-zlatak__y7a6780-ed.jpg,19,False
revitalizace-rybnika__y7a6844.jpg,6844,zarazeno,1,01_zivotni_prostredi/revitalizace-rybnika,5472,3648,17078930,False,/Users/giorgio/Documents/Přezletice 26/Originální fotky/02_projekty/01_zivotni_prostredi/revitalizace-rybnika/revitalizace-rybnika__y7a6844.jpg,436464a43436b757,327.315,ea7a81e4958a83dd4aaa5c8542271fda1888da20cd378674248f750f7643f028,,False,vydejni-automaty-stravovani__y7a6744-ed.jpg,20,False
revitalizace-rybnika__y7a6847.jpg,6847,zarazeno,1,01_zivotni_prostredi/revitalizace-rybnika,5472,3648,17888927,False,/Users/giorgio/Documents/Přezletice 26/Originální fotky/02_projekty/01_zivotni_prostredi/revitalizace-rybnika/revitalizace-rybnika__y7a6847.jpg,c46276b9f005c3f9,371.078,acae59c9655bdab1ba6a765a147b200e66576f494262a86609dabbc669f197bf,,False,sokolovna-a-restaurace-na-namesti__y7a6716.jpg,18,False
revitalizace-rybnika__y7a6848.jpg,6848,zarazeno,1,01_zivotni_prostredi/revitalizace-rybnika,5472,3648,15355593,False,/Users/giorgio/Documents/Přezletice 26/Originální fotky/02_projekty/01_zivotni_prostredi/revitalizace-rybnika/revitalizace-rybnika__y7a6848.jpg,1348cc4849e1f2bb,313.295,eb86aa365609f4f5239cc93953e4da55b737315514b32e4fe65b6c5305a7d3f0,,False,zelen-podzemni-kontejnery__y7a6873.jpg,19,False
revitalizace-rybnika__y7a6849.jpg,6849,zarazeno,1,01_zivotni_prostredi/revitalizace-rybnika,5472,3648,18041475,False,/Users/giorgio/Documents/Přezletice 26/Originální fotky/02_projekty/01_zivotni_prostredi/revitalizace-rybnika/revitalizace-rybnika__y7a6849.jpg,63767470626b0b09,507.750,5c2afa9b411af85bb95e16ee8da7d174827fd8d5d8d1d0962a490adb3918db19,,False,komunitni-centrum-zlatak__y7a6772.jpg,20,False
revitalizace-rybnika__y7a6850.jpg,6850,zarazeno,1,01_zivotni_prostredi/revitalizace-rybnika,5472,3648,15336463,False,/Users/giorgio/Documents/Přezletice 26/Originální fotky/02_projekty/01_zivotni_prostredi/revitalizace-rybnika/revitalizace-rybnika__y7a6850.jpg,6666e6e6e6376de9,272.072,9cb0f302e4df8682c007472f551b3146bf0d82c32bce87c37f8724c5c0812bbe,,False,svazkova-skola-a-jidelna__y7a6658.jpg,20,False
revitalizace-rybnika__y7a6851.jpg,6851,zarazeno,1,01_zivotni_prostredi/revitalizace-rybnika,5472,3648,16160921,False,/Users/giorgio/Documents/Přezletice 26/Originální fotky/02_projekty/01_zivotni_prostredi/revitalizace-rybnika/revitalizace-rybnika__y7a6851.jpg,ab1343484a591286,296.263,02192f8b00f4e416535f5e68b1d05cf4a0057359359e3ba913d19dadd8ed5c4c,,False,revitalizace-rybnika__y7a6854.jpg,13,False
revitalizace-rybnika__y7a6852.jpg,6852,zarazeno,1,01_zivotni_prostredi/revitalizace-rybnika,5472,3648,15183402,False,/Users/giorgio/Documents/Přezletice 26/Originální fotky/02_projekty/01_zivotni_prostredi/revitalizace-rybnika/revitalizace-rybnika__y7a6852.jpg,2bd9e94849581a13,292.507,d194864998b3e5f0bcd73611c96022591a57418085c31fa106cbe9f8e55f315e,,False,revitalizace-rybnika__y7a6851.jpg,17,False
revitalizace-rybnika__y7a6853.jpg,6853,zarazeno,1,01_zivotni_prostredi/revitalizace-rybnika,5472,3648,14870262,False,/Users/giorgio/Documents/Přezletice 26/Originální fotky/02_projekty/01_zivotni_prostredi/revitalizace-rybnika/revitalizace-rybnika__y7a6853.jpg,af12d3c34cd31436,261.350,fd9f7a8c3e39b5dfffb64c7d402462781d380b1fcf5ef115d67e7accb6c29489,,False,revitalizace-rybnika__y7a6854.jpg,9,False
revitalizace-rybnika__y7a6854.jpg,6854,zarazeno,1,01_zivotni_prostredi/revitalizace-rybnika,5472,3648,15187629,False,/Users/giorgio/Documents/Přezletice 26/Originální fotky/02_projekty/01_zivotni_prostredi/revitalizace-rybnika/revitalizace-rybnika__y7a6854.jpg,a71bc3cb4e5b1036,260.263,900873bf0a5ac6fcc5fc80ff8b799139148d84a0de4ed29fdf604fbc4c691d7f,,False,revitalizace-rybnika__y7a6853.jpg,9,False
revitalizace-rybnika__y7a6855.jpg,6855,zarazeno,1,01_zivotni_prostredi/revitalizace-rybnika,5472,3648,13919103,False,/Users/giorgio/Documents/Přezletice 26/Originální fotky/02_projekty/01_zivotni_prostredi/revitalizace-rybnika/revitalizace-rybnika__y7a6855.jpg,7549292029a99b63,240.391,ccbb234cab6f6ce49a457580aa8538e003312450371f97526b810765dddecd8e,,False,zelen-podzemni-kontejnery__y7a6873.jpg,22,False
revitalizace-rybnika__y7a6856.jpg,6856,zarazeno,1,01_zivotni_prostredi/revitalizace-rybnika,5472,3648,16298424,False,/Users/giorgio/Documents/Přezletice 26/Originální fotky/02_projekty/01_zivotni_prostredi/revitalizace-rybnika/revitalizace-rybnika__y7a6856.jpg,dbf6d252cae6f698,242.123,c41607d79a204394d2c1d2d7613883360d7ddde7c13426e50a1ecadfa7ea632d,,False,revitalizace-rybnika__y7a6857.jpg,6,False
revitalizace-rybnika__y7a6857.jpg,6857,zarazeno,1,01_zivotni_prostredi/revitalizace-rybnika,5472,3648,16649168,False,/Users/giorgio/Documents/Přezletice 26/Originální fotky/02_projekty/01_zivotni_prostredi/revitalizace-rybnika/revitalizace-rybnika__y7a6857.jpg,daf6d2d2d2c6e698,244.649,0e83a51df381c365f0e4d7d08c044383bc38f0ca222f849102a4ac09e12e44a0,,False,revitalizace-rybnika__y7a6856.jpg,6,False
revitalizace-rybnika__y7a6866.jpg,6866,zarazeno,1,01_zivotni_prostredi/revitalizace-rybnika,5472,3648,14937271,False,/Users/giorgio/Documents/Přezletice 26/Originální fotky/02_projekty/01_zivotni_prostredi/revitalizace-rybnika/revitalizace-rybnika__y7a6866.jpg,2666655555c42466,213.289,db89143b2c653b10e5d1f6c48107c7853ff193c067fc510c042339caa72eb95d,,False,revitalizace-rybnika__y7a6867.jpg,15,False
revitalizace-rybnika__y7a6867.jpg,6867,zarazeno,1,01_zivotni_prostredi/revitalizace-rybnika,5472,3648,16086073,False,/Users/giorgio/Documents/Přezletice 26/Originální fotky/02_projekty/01_zivotni_prostredi/revitalizace-rybnika/revitalizace-rybnika__y7a6867.jpg,2c2ce44915c1a464,230.023,35f7473b0a5f3a77b5aee83d489853eb77e7c6af8819705bec90cc9a4977abe3,,False,revitalizace-rybnika__y7a6866.jpg,15,False
zahrada-ms__y7a6695.jpg,6695,zarazeno,3,01_zivotni_prostredi/zahrada-ms | 04_skolstvi/druhy-pavilon-ms | 04_skolstvi/nastavba-ms-detska-skupina,5472,3648,16091475,False,/Users/giorgio/Documents/Přezletice 26/Originální fotky/02_projekty/01_zivotni_prostredi/zahrada-ms/zahrada-ms__y7a6695.jpg,fae971b1b0e8ce39,192.400,6da443274cdcb75d31e02260bef58db81fd5b4e5fa67910fed43fbfed2d571f4,,False,rekonstrukce-prutahovych-komunikaci__y7a6749.jpg,16,False
zahrada-ms__y7a6696.jpg,6696,zarazeno,3,01_zivotni_prostredi/zahrada-ms | 04_skolstvi/druhy-pavilon-ms | 04_skolstvi/nastavba-ms-detska-skupina,5472,3648,17730667,False,/Users/giorgio/Documents/Přezletice 26/Originální fotky/02_projekty/01_zivotni_prostredi/zahrada-ms/zahrada-ms__y7a6696.jpg,e4d8180a8acefc86,132.961,d069349c2f157c6ea9cb37dd279c7d87f8d4078196d0b5204be33d5b9d901dec,,False,zahrada-ms__y7a6697.jpg,12,False
zahrada-ms__y7a6697.jpg,6697,zarazeno,3,01_zivotni_prostredi/zahrada-ms | 04_skolstvi/druhy-pavilon-ms | 04_skolstvi/nastavba-ms-detska-skupina,5283,3522,14536142,False,/Users/giorgio/Documents/Přezletice 26/Originální fotky/02_projekty/01_zivotni_prostredi/zahrada-ms/zahrada-ms__y7a6697.jpg,e4981a1a9a8cf830,151.914,6248f2da662cbe5ffe5df95916b95e9aa50b55198935a0f68fd222fa85ca1be5,,False,zahrada-ms__y7a6696.jpg,12,False
zahrada-ms__y7a6698.jpg,6698,zarazeno,3,01_zivotni_prostredi/zahrada-ms | 04_skolstvi/druhy-pavilon-ms | 04_skolstvi/nastavba-ms-detska-skupina,5472,3648,15426382,False,/Users/giorgio/Documents/Přezletice 26/Originální fotky/02_projekty/01_zivotni_prostredi/zahrada-ms/zahrada-ms__y7a6698.jpg,fcf859d8d834f67b,198.189,bf2f9f3963172698c22d497903f7c268c586b9d9b7a2c1615289f8ce8976d036,,False,rekonstrukce-prutahovych-komunikaci__y7a6750.jpg,14,False
zahrada-ms__y7a6699.jpg,6699,zarazeno,3,01_zivotni_prostredi/zahrada-ms | 04_skolstvi/druhy-pavilon-ms | 04_skolstvi/nastavba-ms-detska-skupina,5472,3648,15991534,False,/Users/giorgio/Documents/Přezletice 26/Originální fotky/02_projekty/01_zivotni_prostredi/zahrada-ms/zahrada-ms__y7a6699.jpg,7e5ede6727f69b79,189.863,52eeeebe2115734f3d7455d44183447012e45094628b4f88f9c689f32635d6aa,,False,zelen-prutahove-komunikace__y7a6723.jpg,23,False
zahrada-ms__y7a6700.jpg,6700,zarazeno,3,01_zivotni_prostredi/zahrada-ms | 04_skolstvi/druhy-pavilon-ms | 04_skolstvi/nastavba-ms-detska-skupina,5472,3648,12020651,False,/Users/giorgio/Documents/Přezletice 26/Originální fotky/02_projekty/01_zivotni_prostredi/zahrada-ms/zahrada-ms__y7a6700.jpg,333b2f2f6fb29253,183.393,d7f3cfafa5000363190e103909d996594db0728e15260ef2e5143bfd35118069,,False,zelen-prutahove-komunikace__y7a6724.jpg,20,False
zahrada-ms__y7a6701.jpg,6701,zarazeno,3,01_zivotni_prostredi/zahrada-ms | 04_skolstvi/druhy-pavilon-ms | 04_skolstvi/nastavba-ms-detska-skupina,5472,3648,14307796,False,/Users/giorgio/Documents/Přezletice 26/Originální fotky/02_projekty/01_zivotni_prostredi/zahrada-ms/zahrada-ms__y7a6701.jpg,fc7cf838b8b0a8e8,138.134,32fa053acd1affd88bf63e270a143a7de4d12b852ceb656c99bd58172f60c0ef,,False,zelen-mistni-komunikace__y7a6670.jpg,15,False
zahrada-ms__y7a6702.jpg,6702,zarazeno,1,01_zivotni_prostredi/zahrada-ms,5472,3648,14681392,False,/Users/giorgio/Documents/Přezletice 26/Originální fotky/02_projekty/01_zivotni_prostredi/zahrada-ms/zahrada-ms__y7a6702.jpg,e7353a3a34e8f8a6,121.655,ff7abedebba126a94c663fd6089856f79a189865e429170d9a126da20faeb49e,,False,zelen-mistni-komunikace__y7a6665.jpg,18,False
zahrada-ms__y7a6703.jpg,6703,zarazeno,1,01_zivotni_prostredi/zahrada-ms,5472,3648,14130855,False,/Users/giorgio/Documents/Přezletice 26/Originální fotky/02_projekty/01_zivotni_prostredi/zahrada-ms/zahrada-ms__y7a6703.jpg,c64e5819b9694ec8,93.783,a8018463cdcd0a802fdd633bfc2210a504bb06ffcd77ff59c478736077536366,,False,zahrada-ms__y7a6705.jpg,7,False
zahrada-ms__y7a6704.jpg,6704,zarazeno,1,01_zivotni_prostredi/zahrada-ms,5403,3602,13187738,False,/Users/giorgio/Documents/Přezletice 26/Originální fotky/02_projekty/01_zivotni_prostredi/zahrada-ms/zahrada-ms__y7a6704.jpg,c64e4d0db028c6e4,82.778,9703a8c8e7ab555c61c3bc71fd1dda16d426f1e29aa0b655f596129bd4b581e0,,False,zahrada-ms__y7a6705.jpg,9,False
zahrada-ms__y7a6705.jpg,6705,zarazeno,1,01_zivotni_prostredi/zahrada-ms,5472,3648,14527925,False,/Users/giorgio/Documents/Přezletice 26/Originální fotky/02_projekty/01_zivotni_prostredi/zahrada-ms/zahrada-ms__y7a6705.jpg,c64c5919b929c6e0,87.060,3f3e64e77ada59ec2974d3cb3d8a1ab7b33f8cf30048cf2efb33726562feb401,,False,zahrada-ms__y7a6703.jpg,7,False
zahrada-ms__y7a6706.jpg,6706,zarazeno,3,01_zivotni_prostredi/zahrada-ms | 04_skolstvi/druhy-pavilon-ms | 04_skolstvi/nastavba-ms-detska-skupina,5472,3648,14538741,False,/Users/giorgio/Documents/Přezletice 26/Originální fotky/02_projekty/01_zivotni_prostredi/zahrada-ms/zahrada-ms__y7a6706.jpg,a9b3e0cca4d29ab2,194.351,0f83d19f0ab385a9eaf9e3d4bc5d90396795af0dca27183bb5a15be61ef0b622,,False,druhy-pavilon-ms__y7a6693.jpg,19,False
zelen-mistni-komunikace__y7a6662.jpg,6662,zarazeno,2,01_zivotni_prostredi/zelen-mistni-komunikace | 02_doprava/rekonstrukce-mistnich-komunikaci,5472,3648,13854139,False,/Users/giorgio/Documents/Přezletice 26/Originální fotky/02_projekty/01_zivotni_prostredi/zelen-mistni-komunikace/zelen-mistni-komunikace__y7a6662.jpg,a8d8f0b0b4f2f4f6,101.594,e345c0f91ca2429a721daffb59bf1ce05242556f0cc9e56eb9ef4708cf1773fd,,False,zelen-mistni-komunikace__y7a6666.jpg,14,False
zelen-mistni-komunikace__y7a6663.jpg,6663,zarazeno,2,01_zivotni_prostredi/zelen-mistni-komunikace | 02_doprava/rekonstrukce-mistnich-komunikaci,5472,3648,13296945,False,/Users/giorgio/Documents/Přezletice 26/Originální fotky/02_projekty/01_zivotni_prostredi/zelen-mistni-komunikace/zelen-mistni-komunikace__y7a6663.jpg,e2ecfcf87b79e8fb,94.121,fb6a91778d2e02f67fb5e052ed00a804a784042fcd12c5d6caf1252f832063e2,,False,zelen-mistni-komunikace__y7a6664.jpg,18,False
zelen-mistni-komunikace__y7a6664.jpg,6664,zarazeno,2,01_zivotni_prostredi/zelen-mistni-komunikace | 02_doprava/rekonstrukce-mistnich-komunikaci,5472,3648,17638742,False,/Users/giorgio/Documents/Přezletice 26/Originální fotky/02_projekty/01_zivotni_prostredi/zelen-mistni-komunikace/zelen-mistni-komunikace__y7a6664.jpg,c4c8789878e8ecca,156.136,93f975754f02e53b1863ee57d9ac6724d48bbdafd3ed540867532177848cc85c,,False,zelen-mistni-komunikace__y7a6665.jpg,14,False
zelen-mistni-komunikace__y7a6665.jpg,6665,zarazeno,2,01_zivotni_prostredi/zelen-mistni-komunikace | 02_doprava/rekonstrukce-mistnich-komunikaci,5472,3648,15323734,False,/Users/giorgio/Documents/Přezletice 26/Originální fotky/02_projekty/01_zivotni_prostredi/zelen-mistni-komunikace/zelen-mistni-komunikace__y7a6665.jpg,c6ec381838e8d870,148.786,429312c4e1eebf4e83058fb3bc0f3c7a6da92a07e3c2fdc47a79eef1046e4c83,,False,zelen-mistni-komunikace__y7a6664.jpg,14,False
zelen-mistni-komunikace__y7a6666.jpg,6666,zarazeno,2,01_zivotni_prostredi/zelen-mistni-komunikace | 02_doprava/rekonstrukce-mistnich-komunikaci,5150,3433,15041347,False,/Users/giorgio/Documents/Přezletice 26/Originální fotky/02_projekty/01_zivotni_prostredi/zelen-mistni-komunikace/zelen-mistni-komunikace__y7a6666.jpg,04d87830b0d0bc72,195.414,48037c71cf70e3802fcc3841bde47cba46878ff678f4ed84553fc4e50ac9f7ca,,False,zelen-mistni-komunikace__y7a6662.jpg,14,False
zelen-mistni-komunikace__y7a6667.jpg,6667,zarazeno,3,01_zivotni_prostredi/zelen-mistni-komunikace | 02_doprava/rekonstrukce-mistnich-komunikaci | 07_infrastruktura/vos-severni-cast,5472,3648,12993096,False,/Users/giorgio/Documents/Přezletice 26/Originální fotky/02_projekty/01_zivotni_prostredi/zelen-mistni-komunikace/zelen-mistni-komunikace__y7a6667.jpg,b4bcd15698e5c190,97.959,198c1bb753dfb2eddb691674aad064432f7b193d4db1e437b063f95178df675b,,False,hruskove-aleje-a-dalsi-zelen__y7a6687.jpg,20,False
zelen-mistni-komunikace__y7a6668.jpg,6668,zarazeno,2,01_zivotni_prostredi/zelen-mistni-komunikace | 02_doprava/rekonstrukce-mistnich-komunikaci,5472,3648,14242123,False,/Users/giorgio/Documents/Přezletice 26/Originální fotky/02_projekty/01_zivotni_prostredi/zelen-mistni-komunikace/zelen-mistni-komunikace__y7a6668.jpg,ed4c6a2bf03452f8,169.178,0144c6c2e536de1e1005b427cc49fd866221284bf95f6743f25d4e2a17c4eaa4,,False,elektronicka-uredni-deska__y7a6735.jpg,18,False
zelen-mistni-komunikace__y7a6669.jpg,6669,zarazeno,2,01_zivotni_prostredi/zelen-mistni-komunikace | 02_doprava/rekonstrukce-mistnich-komunikaci,5347,3565,12348366,False,/Users/giorgio/Documents/Přezletice 26/Originální fotky/02_projekty/01_zivotni_prostredi/zelen-mistni-komunikace/zelen-mistni-komunikace__y7a6669.jpg,6cb0acaafab23269,101.519,9524c06ccc125be552d4c3a485b2e3a6e6ff257daf9dc97132bb2f621f6ec982,,False,zelen-mistni-komunikace__y7a6670.jpg,20,False
zelen-mistni-komunikace__y7a6670.jpg,6670,zarazeno,2,01_zivotni_prostredi/zelen-mistni-komunikace | 02_doprava/rekonstrukce-mistnich-komunikaci,5472,3648,12452786,False,/Users/giorgio/Documents/Přezletice 26/Originální fotky/02_projekty/01_zivotni_prostredi/zelen-mistni-komunikace/zelen-mistni-komunikace__y7a6670.jpg,ee78e8a9f0f82c6c,85.421,4d358f0e2b2d0af05c2ee28d3bcefb4f29708d7bd72c46762322fd0ee37d6686,,False,zahrada-ms__y7a6701.jpg,15,False
zelen-mistni-komunikace__y7a6674.jpg,6674,zarazeno,2,01_zivotni_prostredi/zelen-mistni-komunikace | 02_doprava/rekonstrukce-mistnich-komunikaci,5472,3648,14508297,False,/Users/giorgio/Documents/Přezletice 26/Originální fotky/02_projekty/01_zivotni_prostredi/zelen-mistni-komunikace/zelen-mistni-komunikace__y7a6674.jpg,c3c2c0666561e4e6,142.190,6fa215948ee1666c2b78130e29a719e1b3b16591d80061c63810465bdbca7012,,False,zelen-mistni-komunikace__y7a6676.jpg,7,False
zelen-mistni-komunikace__y7a6675.jpg,6675,zarazeno,2,01_zivotni_prostredi/zelen-mistni-komunikace | 02_doprava/rekonstrukce-mistnich-komunikaci,5472,3648,15611111,False,/Users/giorgio/Documents/Přezletice 26/Originální fotky/02_projekty/01_zivotni_prostredi/zelen-mistni-komunikace/zelen-mistni-komunikace__y7a6675.jpg,d1e0c0322661f4f2,139.634,020132081128b57f97d61822051488cb5a28c6cce11cbf2f67b7bc3917c8dfc3,,False,zelen-mistni-komunikace__y7a6674.jpg,13,False
zelen-mistni-komunikace__y7a6676.jpg,6676,zarazeno,2,01_zivotni_prostredi/zelen-mistni-komunikace | 02_doprava/rekonstrukce-mistnich-komunikaci,5472,3648,14459466,False,/Users/giorgio/Documents/Přezletice 26/Originální fotky/02_projekty/01_zivotni_prostredi/zelen-mistni-komunikace/zelen-mistni-komunikace__y7a6676.jpg,81c2c0e46460ece6,143.665,9eab479a9c36f2c16a00bd863ef2c11dec161022e1838864504fae5b858579ad,,False,zelen-mistni-komunikace__y7a6674.jpg,7,False
zelen-mistni-komunikace__y7a6677.jpg,6677,zarazeno,2,01_zivotni_prostredi/zelen-mistni-komunikace | 02_doprava/rekonstrukce-mistnich-komunikaci,5472,3648,15070553,False,/Users/giorgio/Documents/Přezletice 26/Originální fotky/02_projekty/01_zivotni_prostredi/zelen-mistni-komunikace/zelen-mistni-komunikace__y7a6677.jpg,e1c070226174f6f3,160.854,7bb3571e91c0d93afa429a5f3c91f2cf46b391567827d896ea3f1f21ba1c49b4,,False,zelen-mistni-komunikace__y7a6675.jpg,16,False
zelen-podzemni-kontejnery__y7a6819.jpg,6819,zarazeno,2,01_zivotni_prostredi/zelen-podzemni-kontejnery | 01_zivotni_prostredi/zelen-namesti-komunitni-centrum,5472,3648,12629206,False,/Users/giorgio/Documents/Přezletice 26/Originální fotky/02_projekty/01_zivotni_prostredi/zelen-podzemni-kontejnery/zelen-podzemni-kontejnery__y7a6819.jpg,033ec8a9e8d7368f,160.172,763afd56683c28c3dcc8728fbdeb882153cf03757eb7d43976d46536abd9b2d7,,False,svazkova-skola-a-jidelna__y7a6648.jpg,23,False
zelen-podzemni-kontejnery__y7a6820.jpg,6820,zarazeno,2,01_zivotni_prostredi/zelen-podzemni-kontejnery | 01_zivotni_prostredi/zelen-namesti-komunitni-centrum,5332,3555,9752557,False,/Users/giorgio/Documents/Přezletice 26/Originální fotky/02_projekty/01_zivotni_prostredi/zelen-podzemni-kontejnery/zelen-podzemni-kontejnery__y7a6820.jpg,033c709c145e6205,192.660,16bbd158771e0d6ce26616f9f4ffb432d981c0fe580ec1fd5ce0dff1c35b1ca1,,False,podzemni-kontejnery__y7a6753.jpg,17,False
zelen-podzemni-kontejnery__y7a6872.jpg,6872,zarazeno,2,01_zivotni_prostredi/zelen-podzemni-kontejnery | 07_infrastruktura/podzemni-kontejnery,5472,3648,14875887,False,/Users/giorgio/Documents/Přezletice 26/Originální fotky/02_projekty/01_zivotni_prostredi/zelen-podzemni-kontejnery/zelen-podzemni-kontejnery__y7a6872.jpg,d3edcfd262e6c0c0,281.087,96bde16d0c6e11bbdd2a79ffa57ad3d8057a777a3bf78dee97c052bf3311cd63,,False,revitalizace-rybnika__y7a6856.jpg,20,False
zelen-podzemni-kontejnery__y7a6873.jpg,6873,zarazeno,2,01_zivotni_prostredi/zelen-podzemni-kontejnery | 07_infrastruktura/podzemni-kontejnery,5472,3648,13789079,False,/Users/giorgio/Documents/Přezletice 26/Originální fotky/02_projekty/01_zivotni_prostredi/zelen-podzemni-kontejnery/zelen-podzemni-kontejnery__y7a6873.jpg,7b583d19496dfbff,229.182,d113285697390ae33222eef63e290a2fa5df1990ec9ef0bb34219647643fd1ca,,False,zelen-podzemni-kontejnery__y7a6874.jpg,2,True
zelen-podzemni-kontejnery__y7a6874.jpg,6874,zarazeno,2,01_zivotni_prostredi/zelen-podzemni-kontejnery | 07_infrastruktura/podzemni-kontejnery,5472,3648,13838581,False,/Users/giorgio/Documents/Přezletice 26/Originální fotky/02_projekty/01_zivotni_prostredi/zelen-podzemni-kontejnery/zelen-podzemni-kontejnery__y7a6874.jpg,7b583d39496dffff,231.429,2aa101992cfa80bc84d3af497d54967e2eec550584b7e22e571aa310fab8607a,,False,zelen-podzemni-kontejnery__y7a6873.jpg,2,True
zelen-podzemni-kontejnery__y7a6875.jpg,6875,zarazeno,2,01_zivotni_prostredi/zelen-podzemni-kontejnery | 07_infrastruktura/podzemni-kontejnery,5472,3648,13236375,False,/Users/giorgio/Documents/Přezletice 26/Originální fotky/02_projekty/01_zivotni_prostredi/zelen-podzemni-kontejnery/zelen-podzemni-kontejnery__y7a6875.jpg,dabb4dcd26768902,216.455,57a5c2bf77ace901525d198c870162cb94bbc5facbda0e5f40d80eb4a2cb2f20,,False,komunitni-centrum-zlatak__y7a6790.jpg,22,False
zelen-podzemni-kontejnery__y7a6876.jpg,6876,zarazeno,2,01_zivotni_prostredi/zelen-podzemni-kontejnery | 07_infrastruktura/podzemni-kontejnery,5472,3648,15538982,False,/Users/giorgio/Documents/Přezletice 26/Originální fotky/02_projekty/01_zivotni_prostredi/zelen-podzemni-kontejnery/zelen-podzemni-kontejnery__y7a6876.jpg,a5ac49b4367b8ce1,269.158,2c0d1686ffd460a5c957bb34fec42f6526b9df16b470e6152809bd192476e1d8,,False,hruskove-aleje-a-dalsi-zelen__y7a6880.jpg,22,False
zelen-prutahove-komunikace__y7a6671.jpg,6671,zarazeno,2,01_zivotni_prostredi/zelen-prutahove-komunikace | 02_doprava/rekonstrukce-prutahovych-komunikaci,5472,3648,13750971,False,/Users/giorgio/Documents/Přezletice 26/Originální fotky/02_projekty/01_zivotni_prostredi/zelen-prutahove-komunikace/zelen-prutahove-komunikace__y7a6671.jpg,b2e5eda3b212b9f6,130.321,d2511e0e8c4a0f9e4b831f1dbc9d1797a096a0e6d9e006f4d99c9a4ee9ab89f0,,False,zelen-prutahove-komunikace__y7a6672.jpg,18,False
zelen-prutahove-komunikace__y7a6672.jpg,6672,zarazeno,2,01_zivotni_prostredi/zelen-prutahove-komunikace | 02_doprava/rekonstrukce-prutahovych-komunikaci,5395,3597,13034486,False,/Users/giorgio/Documents/Přezletice 26/Originální fotky/02_projekty/01_zivotni_prostredi/zelen-prutahove-komunikace/zelen-prutahove-komunikace__y7a6672.jpg,b0e4e565bbb059b0,130.156,1fc37964bbe8bb389138e281c670ad9fe7b13c1b40c6dcaed447def656ed7b4c,,False,zelen-prutahove-komunikace__y7a6671.jpg,18,False
zelen-prutahove-komunikace__y7a6673.jpg,6673,zarazeno,2,01_zivotni_prostredi/zelen-prutahove-komunikace | 02_doprava/rekonstrukce-prutahovych-komunikaci,5472,3648,11893048,False,/Users/giorgio/Documents/Přezletice 26/Originální fotky/02_projekty/01_zivotni_prostredi/zelen-prutahove-komunikace/zelen-prutahove-komunikace__y7a6673.jpg,60c9c92eaab370e6,101.792,62833f557054af90b009b2a44462b74d38d70bf2dbac012f64206d89cf2fefcc,,False,detska-hriste__y7a6832.jpg,19,False
zelen-prutahove-komunikace__y7a6722.jpg,6722,zarazeno,1,01_zivotni_prostredi/zelen-prutahove-komunikace,5472,3648,14508299,False,/Users/giorgio/Documents/Přezletice 26/Originální fotky/02_projekty/01_zivotni_prostredi/zelen-prutahove-komunikace/zelen-prutahove-komunikace__y7a6722.jpg,aeaaaaa43c2e3978,205.144,14e49280dab03181ff9ff1e49f302cd7c7bff689170b599f45f3fe964f1e2951,,False,zelen-prutahove-komunikace__y7a6723.jpg,19,False
zelen-prutahove-komunikace__y7a6723.jpg,6723,zarazeno,1,01_zivotni_prostredi/zelen-prutahove-komunikace,5472,3648,12933863,False,/Users/giorgio/Documents/Přezletice 26/Originální fotky/02_projekty/01_zivotni_prostredi/zelen-prutahove-komunikace/zelen-prutahove-komunikace__y7a6723.jpg,6e6e4b65784f7b78,173.772,11f1d2a027e749d1951c8e695b79add4b624930861c5e239cae0612e5ef58684,,False,zelen-prutahove-komunikace__y7a6722.jpg,19,False
zelen-prutahove-komunikace__y7a6724.jpg,6724,zarazeno,1,01_zivotni_prostredi/zelen-prutahove-komunikace,5472,3648,10861950,False,/Users/giorgio/Documents/Přezletice 26/Originální fotky/02_projekty/01_zivotni_prostredi/zelen-prutahove-komunikace/zelen-prutahove-komunikace__y7a6724.jpg,3333333323b2383c,196.387,0afa27d32a557f01fa341051020db31359a9b9459a0032babaaee6d969b79fb4,,False,druhy-pavilon-ms__y7a6689.jpg,15,False
zelen-prutahove-komunikace__y7a6726.jpg,6726,zarazeno,2,01_zivotni_prostredi/zelen-prutahove-komunikace | 07_infrastruktura/kaplicka-a-zvon,5192,3405,7764920,False,/Users/giorgio/Documents/Přezletice 26/Originální fotky/02_projekty/01_zivotni_prostredi/zelen-prutahove-komunikace/zelen-prutahove-komunikace__y7a6726.jpg,c26b6f6912b474e4,80.096,f0259d9ff82481b6089fb9b7d691087c1e361e3d5ed7d447f9edd29f5345a5f6,,False,kaplicka-a-zvon__y7a6727.jpg,11,False
krizovatka-nohavice__y7a6829.jpg,6829,zarazeno,1,02_doprava/krizovatka-nohavice,5472,3648,10966224,False,/Users/giorgio/Documents/Přezletice 26/Originální fotky/02_projekty/02_doprava/krizovatka-nohavice/krizovatka-nohavice__y7a6829.jpg,0b1f9b18bc8879f8,135.264,88dd1f750a44f990122de9a46e1f51391107269553671dc44bd8a4da71ccae6e,,False,krizovatka-nohavice__y7a6830.jpg,8,False
krizovatka-nohavice__y7a6830.jpg,6830,zarazeno,1,02_doprava/krizovatka-nohavice,5472,3648,10716856,False,/Users/giorgio/Documents/Přezletice 26/Originální fotky/02_projekty/02_doprava/krizovatka-nohavice/krizovatka-nohavice__y7a6830.jpg,0d9f9b989c8c79d9,134.865,e2a03a0349386c2e603efdca333623b24eeb410353ecbaf4996c1f9a4346247d,,False,krizovatka-nohavice__y7a6829.jpg,8,False
krizovatka-nohavice__y7a6831.jpg,6831,zarazeno,1,02_doprava/krizovatka-nohavice,5472,3648,11081740,False,/Users/giorgio/Documents/Přezletice 26/Originální fotky/02_projekty/02_doprava/krizovatka-nohavice/krizovatka-nohavice__y7a6831.jpg,1f1f9f193c9c39d1,124.284,4f6189b787a0d15d8818ddc1b9dbbf5fb107477a930c6e929cb27265d521d358,,False,krizovatka-nohavice__y7a6829.jpg,11,False
lavka-a-verejne-plochy-zlaty-kopec__y7a6858.jpg,6858,zarazeno,1,02_doprava/lavka-a-verejne-plochy-zlaty-kopec,5472,3648,18185229,False,/Users/giorgio/Documents/Přezletice 26/Originální fotky/02_projekty/02_doprava/lavka-a-verejne-plochy-zlaty-kopec/lavka-a-verejne-plochy-zlaty-kopec__y7a6858.jpg,2db62723d2d85836,417.772,bc918be47097f4895f74a7d1175bdde12fa34442da5df1bd446c113ae9c04bd7,,False,lavka-a-verejne-plochy-zlaty-kopec__y7a6859.jpg,15,False
lavka-a-verejne-plochy-zlaty-kopec__y7a6859.jpg,6859,zarazeno,1,02_doprava/lavka-a-verejne-plochy-zlaty-kopec,5472,3648,18254480,False,/Users/giorgio/Documents/Přezletice 26/Originální fotky/02_projekty/02_doprava/lavka-a-verejne-plochy-zlaty-kopec/lavka-a-verejne-plochy-zlaty-kopec__y7a6859.jpg,9db6b621f3d84c5a,423.343,1bf66fcc83759d8656b98d90e28d88585941facd63c997759f2113612cdee096,,False,lavka-a-verejne-plochy-zlaty-kopec__y7a6860.jpg,6,False
lavka-a-verejne-plochy-zlaty-kopec__y7a6860.jpg,6860,zarazeno,1,02_doprava/lavka-a-verejne-plochy-zlaty-kopec,5472,3648,17480517,False,/Users/giorgio/Documents/Přezletice 26/Originální fotky/02_projekty/02_doprava/lavka-a-verejne-plochy-zlaty-kopec/lavka-a-verejne-plochy-zlaty-kopec__y7a6860.jpg,9d35b623f3d8481a,408.162,ceaa0478783c831a4d0752e7c16492502bc8c68d7ada42aa42551127e5998b85,,False,lavka-a-verejne-plochy-zlaty-kopec__y7a6859.jpg,6,False
lavka-a-verejne-plochy-zlaty-kopec__y7a6861.jpg,6861,zarazeno,1,02_doprava/lavka-a-verejne-plochy-zlaty-kopec,5472,3648,16969957,False,/Users/giorgio/Documents/Přezletice 26/Originální fotky/02_projekty/02_doprava/lavka-a-verejne-plochy-zlaty-kopec/lavka-a-verejne-plochy-zlaty-kopec__y7a6861.jpg,9696b2b1f3d9cc48,376.574,2f6e6c7b3816d1ff39184939d857d3c1090465a2d8969a65d2eb8fa378acbbb5,,False,lavka-a-verejne-plochy-zlaty-kopec__y7a6859.jpg,11,False
lavka-a-verejne-plochy-zlaty-kopec__y7a6862.jpg,6862,zarazeno,1,02_doprava/lavka-a-verejne-plochy-zlaty-kopec,5472,3648,16066534,False,/Users/giorgio/Documents/Přezletice 26/Originální fotky/02_projekty/02_doprava/lavka-a-verejne-plochy-zlaty-kopec/lavka-a-verejne-plochy-zlaty-kopec__y7a6862.jpg,c58d35636366dcf0,437.032,8f543dbd3a842d07011122837c0539347f1f550bd2cae939c2aba19991282556,,False,zelen-mistni-komunikace__y7a6677.jpg,19,False
lavka-a-verejne-plochy-zlaty-kopec__y7a6863.jpg,6863,zarazeno,1,02_doprava/lavka-a-verejne-plochy-zlaty-kopec,5472,3648,18661082,False,/Users/giorgio/Documents/Přezletice 26/Originální fotky/02_projekty/02_doprava/lavka-a-verejne-plochy-zlaty-kopec/lavka-a-verejne-plochy-zlaty-kopec__y7a6863.jpg,6627b3d667f9e8fc,498.749,ae0b1e40af58a123e25c422d2b853a2aa75e227647ea2bc3af7039be2cfc5a04,,False,detska-hriste__y7a6833.jpg,20,False
lavka-a-verejne-plochy-zlaty-kopec__y7a6864.jpg,6864,zarazeno,1,02_doprava/lavka-a-verejne-plochy-zlaty-kopec,5472,3648,17229371,False,/Users/giorgio/Documents/Přezletice 26/Originální fotky/02_projekty/02_doprava/lavka-a-verejne-plochy-zlaty-kopec/lavka-a-verejne-plochy-zlaty-kopec__y7a6864.jpg,d19989d9fb61d8b8,456.188,db61a1e07f3be4cd764ce558bc2c86eb9101446058f319d70b158c8896b07eed,,False,lavka-a-verejne-plochy-zlaty-kopec__y7a6865.jpg,11,False
lavka-a-verejne-plochy-zlaty-kopec__y7a6865.jpg,6865,zarazeno,1,02_doprava/lavka-a-verejne-plochy-zlaty-kopec,5472,3648,18003818,False,/Users/giorgio/Documents/Přezletice 26/Originální fotky/02_projekty/02_doprava/lavka-a-verejne-plochy-zlaty-kopec/lavka-a-verejne-plochy-zlaty-kopec__y7a6865.jpg,b19399c9f37398a8,477.663,6a5c9d818473208c2c712ffd176ee07e2afe2b42dd26e9bd8a13a78686fef01c,,False,lavka-a-verejne-plochy-zlaty-kopec__y7a6864.jpg,11,False
rekonstrukce-mistnich-komunikaci__y7a6659.jpg,6659,zarazeno,1,02_doprava/rekonstrukce-mistnich-komunikaci,5472,3648,12273418,False,/Users/giorgio/Documents/Přezletice 26/Originální fotky/02_projekty/02_doprava/rekonstrukce-mistnich-komunikaci/rekonstrukce-mistnich-komunikaci__y7a6659.jpg,06849b5a5ce888c8,65.651,fe95a07cb60dfdda21e923c1167229d0a14b49894ec5be3dd00799d4e98e44f0,,True,rekonstrukce-mistnich-komunikaci__y7a6660.jpg,10,False
rekonstrukce-mistnich-komunikaci__y7a6660.jpg,6660,zarazeno,1,02_doprava/rekonstrukce-mistnich-komunikaci,5445,3630,11716470,False,/Users/giorgio/Documents/Přezletice 26/Originální fotky/02_projekty/02_doprava/rekonstrukce-mistnich-komunikaci/rekonstrukce-mistnich-komunikaci__y7a6660.jpg,86989a58ccf88888,71.727,e487966189f90035e3bd93a5266abb3fbddcf9e186c9a5467bcb29cb6811d547,,False,rekonstrukce-mistnich-komunikaci__y7a6659.jpg,10,False
rekonstrukce-prutahovych-komunikaci__y7a6745.jpg,6745,zarazeno,1,02_doprava/rekonstrukce-prutahovych-komunikaci,5472,3648,10635465,False,/Users/giorgio/Documents/Přezletice 26/Originální fotky/02_projekty/02_doprava/rekonstrukce-prutahovych-komunikaci/rekonstrukce-prutahovych-komunikaci__y7a6745.jpg,3931263677d31c7c,140.223,af45c8c688075d4ca6bd59b7833abc79fb4d5d55b3afb0f86eda0f0acd56df2f,,False,zelen-prutahove-komunikace__y7a6724.jpg,17,False
rekonstrukce-prutahovych-komunikaci__y7a6746.jpg,6746,zarazeno,1,02_doprava/rekonstrukce-prutahovych-komunikaci,5472,3648,14768546,False,/Users/giorgio/Documents/Přezletice 26/Originální fotky/02_projekty/02_doprava/rekonstrukce-prutahovych-komunikaci/rekonstrukce-prutahovych-komunikaci__y7a6746.jpg,f8f071d0e86c7bfc,237.066,3d8f5da18ab681badab0bdb7d351ee732712ccc1a7d05efed6a66bfe2973c1ef,,False,zahrada-ms__y7a6698.jpg,18,False
rekonstrukce-prutahovych-komunikaci__y7a6747.jpg,6747,zarazeno,1,02_doprava/rekonstrukce-prutahovych-komunikaci,5472,3648,13881245,False,/Users/giorgio/Documents/Přezletice 26/Originální fotky/02_projekty/02_doprava/rekonstrukce-prutahovych-komunikaci/rekonstrukce-prutahovych-komunikaci__y7a6747.jpg,38f870f0f8983470,203.593,d9dc70ca620819eb0d51ff2c4096672e9ce8a0cb803e22a97508e0c46a5be1d7,,False,zelen-mistni-komunikace__y7a6666.jpg,15,False
rekonstrukce-prutahovych-komunikaci__y7a6749.jpg,6749,zarazeno,1,02_doprava/rekonstrukce-prutahovych-komunikaci,4719,3230,12969097,False,/Users/giorgio/Documents/Přezletice 26/Originální fotky/02_projekty/02_doprava/rekonstrukce-prutahovych-komunikaci/rekonstrukce-prutahovych-komunikaci__y7a6749.jpg,f9f1b1b0b072de4b,207.795,b70d9f0f3ea32eec647483800e2a71d0ebb1fa025b26cfa731c1062fa82a6788,,False,zahrada-ms__y7a6695.jpg,16,False
rekonstrukce-prutahovych-komunikaci__y7a6750.jpg,6750,zarazeno,1,02_doprava/rekonstrukce-prutahovych-komunikaci,5472,3648,14620894,False,/Users/giorgio/Documents/Přezletice 26/Originální fotky/02_projekty/02_doprava/rekonstrukce-prutahovych-komunikaci/rekonstrukce-prutahovych-komunikaci__y7a6750.jpg,fcf83888d8f5d3b9,194.745,bada4f66e91ef12141551a89839130df2753c7da6c48d48e1322e8b49aa59583,,False,rekonstrukce-prutahovych-komunikaci__y7a6751.jpg,12,False
rekonstrukce-prutahovych-komunikaci__y7a6751.jpg,6751,zarazeno,1,02_doprava/rekonstrukce-prutahovych-komunikaci,5472,3648,14199931,False,/Users/giorgio/Documents/Přezletice 26/Originální fotky/02_projekty/02_doprava/rekonstrukce-prutahovych-komunikaci/rekonstrukce-prutahovych-komunikaci__y7a6751.jpg,dcf8b888ecf8d7d1,173.566,08b51496aedde12af8b0e6edbb794eefbfbf917ee39a59995d4eec38be24e134,,False,rekonstrukce-prutahovych-komunikaci__y7a6750.jpg,12,False
rekonstrukce-prutahovych-komunikaci__y7a6752.jpg,6752,zarazeno,1,02_doprava/rekonstrukce-prutahovych-komunikaci,5472,3648,12884453,False,/Users/giorgio/Documents/Přezletice 26/Originální fotky/02_projekty/02_doprava/rekonstrukce-prutahovych-komunikaci/rekonstrukce-prutahovych-komunikaci__y7a6752.jpg,fc1c7cb898ece8c7,142.929,a2392dd6a464528e539c4697c67a07e761cbe770daa3cbc682d5fce8ee2de22b,,False,zahrada-ms__y7a6701.jpg,16,False
obecni-policie__y7a6717.jpg,6717,zarazeno,2,03_bezpecnost/obecni-policie | 06_kultura/sokolovna-a-restaurace-na-namesti,5472,3648,9195847,False,/Users/giorgio/Documents/Přezletice 26/Originální fotky/02_projekty/03_bezpecnost/obecni-policie/obecni-policie__y7a6717.jpg,c6c4f06b929692d9,95.885,63549b665bfc6cdff0bdec55bf142b93151db7e6fbafc87f1a83e2530a555a71,,False,sokolovna-a-restaurace-na-namesti__y7a6716.jpg,7,False
druhy-pavilon-ms__y7a6688.jpg,6688,zarazeno,2,04_skolstvi/druhy-pavilon-ms | 04_skolstvi/nastavba-ms-detska-skupina,5472,3648,15938154,False,/Users/giorgio/Documents/Přezletice 26/Originální fotky/02_projekty/04_skolstvi/druhy-pavilon-ms/druhy-pavilon-ms__y7a6688.jpg,ec6226e4b1b8f860,183.636,c3f3bdf6aad7a42ee0d5d77dd8e20df22b7c4aa61f07dff15d76b5ca2fbd16ae,,False,hruskove-aleje-a-dalsi-zelen__y7a6680.jpg,19,False
druhy-pavilon-ms__y7a6689.jpg,6689,zarazeno,2,04_skolstvi/druhy-pavilon-ms | 04_skolstvi/nastavba-ms-detska-skupina,5294,3530,11006705,False,/Users/giorgio/Documents/Přezletice 26/Originální fotky/02_projekty/04_skolstvi/druhy-pavilon-ms/druhy-pavilon-ms__y7a6689.jpg,93e6737373e27838,111.787,e635fc73f0ecc68daafc5b698226ae2202913743398e60724a3987d463ceb2bc,,False,zelen-prutahove-komunikace__y7a6724.jpg,15,False
druhy-pavilon-ms__y7a6690.jpg,6690,zarazeno,2,04_skolstvi/druhy-pavilon-ms | 04_skolstvi/nastavba-ms-detska-skupina,5358,3572,12194877,False,/Users/giorgio/Documents/Přezletice 26/Originální fotky/02_projekty/04_skolstvi/druhy-pavilon-ms/druhy-pavilon-ms__y7a6690.jpg,c6b03139a1b88c96,120.744,4d23978b059f511e9c645a60ba79bf18eb01e6166f9e706b13e34a76ceb9e42d,,False,druhy-pavilon-ms__y7a6691.jpg,19,False
druhy-pavilon-ms__y7a6691.jpg,6691,zarazeno,2,04_skolstvi/druhy-pavilon-ms | 04_skolstvi/nastavba-ms-detska-skupina,5005,3337,10021684,False,/Users/giorgio/Documents/Přezletice 26/Originální fotky/02_projekty/04_skolstvi/druhy-pavilon-ms/druhy-pavilon-ms__y7a6691.jpg,aaac33716178bcce,112.498,72b080be51bef849e56d0664b4e71477c720162e8a71b1b9685212754f77c915,,False,druhy-pavilon-ms__y7a6690.jpg,19,False
druhy-pavilon-ms__y7a6692.jpg,6692,zarazeno,2,04_skolstvi/druhy-pavilon-ms | 04_skolstvi/nastavba-ms-detska-skupina,5472,3648,14009047,False,/Users/giorgio/Documents/Přezletice 26/Originální fotky/02_projekty/04_skolstvi/druhy-pavilon-ms/druhy-pavilon-ms__y7a6692.jpg,f1371ab3b388c2d0,163.131,8b0cbf4a4cb07abdd8bf3ac6b708273f9b99dfc5e856aae5f958e69d5d2f1624,,False,lavka-a-verejne-plochy-zlaty-kopec__y7a6860.jpg,21,False
druhy-pavilon-ms__y7a6693.jpg,6693,zarazeno,2,04_skolstvi/druhy-pavilon-ms | 04_skolstvi/nastavba-ms-detska-skupina,5472,3648,14780514,False,/Users/giorgio/Documents/Přezletice 26/Originální fotky/02_projekty/04_skolstvi/druhy-pavilon-ms/druhy-pavilon-ms__y7a6693.jpg,f9e2a4e9cc92b270,189.277,b6b6d90dc1930df241a0a87bc142f03e9496b48096f9e5ecd39f901be659951b,,False,zahrada-ms__y7a6706.jpg,19,False
druhy-pavilon-ms__y7a6694.jpg,6694,zarazeno,2,04_skolstvi/druhy-pavilon-ms | 04_skolstvi/nastavba-ms-detska-skupina,5472,3648,15857102,False,/Users/giorgio/Documents/Přezletice 26/Originální fotky/02_projekty/04_skolstvi/druhy-pavilon-ms/druhy-pavilon-ms__y7a6694.jpg,e4002935c78648f0,231.091,0d4b837b1fc7b6975b07e1b4503622a2e35da5670fa21810ec99c02d78622ebc,,False,prakticky-lekar-a-ordinace__y7a6813.jpg,18,False
svazkova-skola-a-jidelna__y7a6644.jpg,6644,zarazeno,1,04_skolstvi/svazkova-skola-a-jidelna,5472,3648,10812396,False,/Users/giorgio/Documents/Přezletice 26/Originální fotky/02_projekty/04_skolstvi/svazkova-skola-a-jidelna/svazkova-skola-a-jidelna__y7a6644.jpg,ff7c62c963f18004,78.344,e493fd3f36d45221b85c8f0b706e56a4fd99db4fba1391ba437ea95424370345,,False,zelen-mistni-komunikace__y7a6670.jpg,21,False
svazkova-skola-a-jidelna__y7a6645.jpg,6645,zarazeno,1,04_skolstvi/svazkova-skola-a-jidelna,5472,3648,12399444,False,/Users/giorgio/Documents/Přezletice 26/Originální fotky/02_projekty/04_skolstvi/svazkova-skola-a-jidelna/svazkova-skola-a-jidelna__y7a6645.jpg,7bbaf8b94b7efcc0,86.303,e1da25877891ec2341e449a7f5bf1f8c67b87a4c5c0f09e63b7ba3af3121db7f,,False,svazkova-skola-a-jidelna__y7a6646.jpg,18,False
svazkova-skola-a-jidelna__y7a6646.jpg,6646,zarazeno,1,04_skolstvi/svazkova-skola-a-jidelna,5472,3648,12348969,False,/Users/giorgio/Documents/Přezletice 26/Originální fotky/02_projekty/04_skolstvi/svazkova-skola-a-jidelna/svazkova-skola-a-jidelna__y7a6646.jpg,fbbaf092676390c1,82.650,5b8c737ad1b9be6818283e6d8f44f89a6ffdcbbbb59ce798d2c0a443ddf3e3ab,,False,svazkova-skola-a-jidelna__y7a6647.jpg,17,False
svazkova-skola-a-jidelna__y7a6647.jpg,6647,zarazeno,1,04_skolstvi/svazkova-skola-a-jidelna,5472,3648,11470793,False,/Users/giorgio/Documents/Přezletice 26/Originální fotky/02_projekty/04_skolstvi/svazkova-skola-a-jidelna/svazkova-skola-a-jidelna__y7a6647.jpg,fb2af0784723cef0,75.653,fe85365141ac2fef23ddc67249903e0255818be38791d6324621d4cfecad06cc,,False,svazkova-skola-a-jidelna__y7a6650.jpg,9,False
svazkova-skola-a-jidelna__y7a6648.jpg,6648,zarazeno,1,04_skolstvi/svazkova-skola-a-jidelna,5472,3648,9462442,False,/Users/giorgio/Documents/Přezletice 26/Originální fotky/02_projekty/04_skolstvi/svazkova-skola-a-jidelna/svazkova-skola-a-jidelna__y7a6648.jpg,f77bbaf1c84723ce,60.652,70c0ee4df5e856e2f79c78e165246125901592256d8fdf1194beffcd78f3cf54,,True,svazkova-skola-a-jidelna__y7a6649.jpg,1,True
svazkova-skola-a-jidelna__y7a6649.jpg,6649,zarazeno,1,04_skolstvi/svazkova-skola-a-jidelna,5472,3648,9817320,False,/Users/giorgio/Documents/Přezletice 26/Originální fotky/02_projekty/04_skolstvi/svazkova-skola-a-jidelna/svazkova-skola-a-jidelna__y7a6649.jpg,f77bbaf1c84763ce,63.846,236cc98ee875f3ad085b5a3c24b77fb8483bcdee70ecbdc897018ba303536120,,True,svazkova-skola-a-jidelna__y7a6648.jpg,1,True
svazkova-skola-a-jidelna__y7a6650.jpg,6650,zarazeno,1,04_skolstvi/svazkova-skola-a-jidelna,5121,3414,9240858,False,/Users/giorgio/Documents/Přezletice 26/Originální fotky/02_projekty/04_skolstvi/svazkova-skola-a-jidelna/svazkova-skola-a-jidelna__y7a6650.jpg,fb2bf0794623c7cc,82.517,51cc3e89bba81d2aca334edc5e7bf4cc3616705beed15199be1f5776efcd25f5,,False,svazkova-skola-a-jidelna__y7a6653.jpg,4,True
svazkova-skola-a-jidelna__y7a6651.jpg,6651,zarazeno,1,04_skolstvi/svazkova-skola-a-jidelna,5393,3595,8981753,False,/Users/giorgio/Documents/Přezletice 26/Originální fotky/02_projekty/04_skolstvi/svazkova-skola-a-jidelna/svazkova-skola-a-jidelna__y7a6651.jpg,f77b3af0c84723c7,63.118,140414a5d8513fc76140b341cb653e9965ef3d3ab8d1623019acc1ad9d787bb5,,True,svazkova-skola-a-jidelna__y7a6648.jpg,4,True
svazkova-skola-a-jidelna__y7a6652.jpg,6652,zarazeno,1,04_skolstvi/svazkova-skola-a-jidelna,5472,3648,10269604,False,/Users/giorgio/Documents/Přezletice 26/Originální fotky/02_projekty/04_skolstvi/svazkova-skola-a-jidelna/svazkova-skola-a-jidelna__y7a6652.jpg,fb6bba794e23a7ce,70.472,279ba778d42c2770554699a0996d13cd5721686ccc475545e80f71503814a716,,False,svazkova-skola-a-jidelna__y7a6650.jpg,8,False
svazkova-skola-a-jidelna__y7a6653.jpg,6653,zarazeno,1,04_skolstvi/svazkova-skola-a-jidelna,5472,3648,11385272,False,/Users/giorgio/Documents/Přezletice 26/Originální fotky/02_projekty/04_skolstvi/svazkova-skola-a-jidelna/svazkova-skola-a-jidelna__y7a6653.jpg,fb3af07966a3c7cc,75.576,1d581b768d36f32b0eea676cfc28ab9352f32fd30043b6e845a884e6395c554a,,False,svazkova-skola-a-jidelna__y7a6650.jpg,4,True
svazkova-skola-a-jidelna__y7a6654.jpg,6654,zarazeno,1,04_skolstvi/svazkova-skola-a-jidelna,5472,3648,12511985,False,/Users/giorgio/Documents/Přezletice 26/Originální fotky/02_projekty/04_skolstvi/svazkova-skola-a-jidelna/svazkova-skola-a-jidelna__y7a6654.jpg,56f4f267a35ff8c2,81.948,289ffdb4a118db19c4dca3687cd970bd693fff5a7f174036ec029768f09c5f9b,,False,svazkova-skola-a-jidelna__y7a6658.jpg,15,False
svazkova-skola-a-jidelna__y7a6655.jpg,6655,zarazeno,1,04_skolstvi/svazkova-skola-a-jidelna,5397,3598,11094986,False,/Users/giorgio/Documents/Přezletice 26/Originální fotky/02_projekty/04_skolstvi/svazkova-skola-a-jidelna/svazkova-skola-a-jidelna__y7a6655.jpg,d6f4f25267a34c90,80.417,044f79caab208f55e812365e20ad4d4cb0dc6d4378e8a24d2f5237d0021f3852,,False,svazkova-skola-a-jidelna__y7a6656.jpg,9,False
svazkova-skola-a-jidelna__y7a6656.jpg,6656,zarazeno,1,04_skolstvi/svazkova-skola-a-jidelna,5157,3438,11052266,False,/Users/giorgio/Documents/Přezletice 26/Originální fotky/02_projekty/04_skolstvi/svazkova-skola-a-jidelna/svazkova-skola-a-jidelna__y7a6656.jpg,d7f6f3db67a34f98,91.515,f05add76ab4014a249833db0884784287bfeeb8f4227feb133e84e7ed7852dd5,,False,svazkova-skola-a-jidelna__y7a6655.jpg,9,False
svazkova-skola-a-jidelna__y7a6657.jpg,6657,zarazeno,1,04_skolstvi/svazkova-skola-a-jidelna,4958,3305,10707161,False,/Users/giorgio/Documents/Přezletice 26/Originální fotky/02_projekty/04_skolstvi/svazkova-skola-a-jidelna/svazkova-skola-a-jidelna__y7a6657.jpg,d6f4f36be3234e98,105.033,dab284dd8029f3cf74905cac6b0eab23f820c4efde03cf4effe7bd3f9279d6e4,,False,svazkova-skola-a-jidelna__y7a6656.jpg,9,False
svazkova-skola-a-jidelna__y7a6658.jpg,6658,zarazeno,1,04_skolstvi/svazkova-skola-a-jidelna,5427,3618,12944705,False,/Users/giorgio/Documents/Přezletice 26/Originální fotky/02_projekty/04_skolstvi/svazkova-skola-a-jidelna/svazkova-skola-a-jidelna__y7a6658.jpg,d6e4f246e767dcb0,95.843,430f573240f9f3f8c877ee59ef9bc78aa661ff21eb2c5107ab85f39373a24d94,,False,svazkova-skola-a-jidelna__y7a6655.jpg,10,False
detska-hriste__y7a6832.jpg,6832,zarazeno,1,05_sport/detska-hriste,5472,3648,18316059,False,/Users/giorgio/Documents/Přezletice 26/Originální fotky/02_projekty/05_sport/detska-hriste/detska-hriste__y7a6832.jpg,02828a8ee3f36ce6,295.409,5cdef93f69d9cecba13ccc6b0efd0385abc6fdeeb42f3594d61e924158f7518d,,False,zelen-mistni-komunikace__y7a6674.jpg,19,False
detska-hriste__y7a6833.jpg,6833,zarazeno,1,05_sport/detska-hriste,5472,3648,15323758,False,/Users/giorgio/Documents/Přezletice 26/Originální fotky/02_projekty/05_sport/detska-hriste/detska-hriste__y7a6833.jpg,0203939373ebbcbb,193.567,3a376f805668b8c67ae623f529f4f4966c8a1269f1f80c41962bd2d0550e745b,,False,detska-hriste__y7a6834.jpg,10,False
detska-hriste__y7a6834.jpg,6834,zarazeno,1,05_sport/detska-hriste,5472,3648,16852005,False,/Users/giorgio/Documents/Přezletice 26/Originální fotky/02_projekty/05_sport/detska-hriste/detska-hriste__y7a6834.jpg,0303d3d363fcdcbb,212.747,7ee734d0d0a5fef40c041508c8e3fc0191d6670d50ecc91333238b2432f987d7,,False,detska-hriste__y7a6833.jpg,10,False
detska-hriste__y7a6835.jpg,6835,zarazeno,1,05_sport/detska-hriste,3977,2651,8055299,False,/Users/giorgio/Documents/Přezletice 26/Originální fotky/02_projekty/05_sport/detska-hriste/detska-hriste__y7a6835.jpg,0b01b1b1f0d0d56e,208.231,07cdf430d2b70d314b6a814acf39d9ad35cdbaf0daede364fc7e62965009dcea,,False,rekonstrukce-prutahovych-komunikaci__y7a6749.jpg,20,False
detska-hriste__y7a6836.jpg,6836,zarazeno,1,05_sport/detska-hriste,5472,3648,15399569,False,/Users/giorgio/Documents/Přezletice 26/Originální fotky/02_projekty/05_sport/detska-hriste/detska-hriste__y7a6836.jpg,dbda9abadcde7cfc,224.058,c6b1498047d74bfd9c6ccbe392254904d3108bd848aa71ae19d6fd5e2edf1135,,False,dalsi-lokalni-zelen__y7a6661.jpg,18,False
detska-hriste__y7a6837.jpg,6837,zarazeno,1,05_sport/detska-hriste,5472,3648,18447708,False,/Users/giorgio/Documents/Přezletice 26/Originální fotky/02_projekty/05_sport/detska-hriste/detska-hriste__y7a6837.jpg,9dcbcb9c28090800,340.216,790895ec238aa8297266c955163e93d198de5470000d6ed15c425ac2a9c9d90e,,False,komunitni-centrum-zlatak__y7a6792.jpg,18,False
detska-hriste__y7a6838.jpg,6838,zarazeno,1,05_sport/detska-hriste,5472,3648,13687503,False,/Users/giorgio/Documents/Přezletice 26/Originální fotky/02_projekty/05_sport/detska-hriste/detska-hriste__y7a6838.jpg,f5eeb4b67bfb93ae,192.342,19ce0573c204da0267ce8080d4145ffcee10cc5db721b393c0a764a40eca1941,,False,prakticky-lekar-a-ordinace__y7a6814.jpg,22,False
detska-hriste__y7a6839.jpg,6839,zarazeno,1,05_sport/detska-hriste,5472,3648,16670771,False,/Users/giorgio/Documents/Přezletice 26/Originální fotky/02_projekty/05_sport/detska-hriste/detska-hriste__y7a6839.jpg,e9eeecebfeefcb75,233.655,44d61f46d82fe28be3bf02fa39027617c0869e3691d64331432079ef4b0e482c,,False,zelen-mistni-komunikace__y7a6663.jpg,22,False
male-multifunkcni-hriste-u-rybnika__y7a6840.jpg,6840,zarazeno,1,05_sport/male-multifunkcni-hriste-u-rybnika,5472,3648,15328411,False,/Users/giorgio/Documents/Přezletice 26/Originální fotky/02_projekty/05_sport/male-multifunkcni-hriste-u-rybnika/male-multifunkcni-hriste-u-rybnika__y7a6840.jpg,9b633b3bae41a0cc,191.598,7a4d93edcb306997222178000dec40206e0a2df14cc84d0b234085703535d654,,False,svazkova-skola-a-jidelna__y7a6652.jpg,17,False
male-multifunkcni-hriste-u-rybnika__y7a6869.jpg,6869,zarazeno,1,05_sport/male-multifunkcni-hriste-u-rybnika,5472,3648,15587424,False,/Users/giorgio/Documents/Přezletice 26/Originální fotky/02_projekty/05_sport/male-multifunkcni-hriste-u-rybnika/male-multifunkcni-hriste-u-rybnika__y7a6869.jpg,3baf6eeeae987296,174.466,94393cf2d0e940389033266e5166e76b8c1efe9f05c82d87e4a5c2e8eaa0bb50,,False,zahrada-ms__y7a6700.jpg,22,False
male-multifunkcni-hriste-u-rybnika__y7a6870.jpg,6870,zarazeno,1,05_sport/male-multifunkcni-hriste-u-rybnika,5472,3648,16538446,False,/Users/giorgio/Documents/Přezletice 26/Originální fotky/02_projekty/05_sport/male-multifunkcni-hriste-u-rybnika/male-multifunkcni-hriste-u-rybnika__y7a6870.jpg,0a4acad33c00f0ff,218.798,1fbefdba2e9e4fa3aae3570601edcfe31807d971bfc951260683f098a49ff6f5,,False,petanque-nohavice__y7a6827.jpg,20,False
male-multifunkcni-hriste-u-rybnika__y7a6871.jpg,6871,zarazeno,1,05_sport/male-multifunkcni-hriste-u-rybnika,5472,3648,16438990,False,/Users/giorgio/Documents/Přezletice 26/Originální fotky/02_projekty/05_sport/male-multifunkcni-hriste-u-rybnika/male-multifunkcni-hriste-u-rybnika__y7a6871.jpg,5fdfcfeb473cf1c3,223.718,f5baab527b5f72361b7049aef28c9220823250f48883392a48bda14f459060ae,,False,petanque-nohavice__y7a6827.jpg,22,False
petanque-nohavice__y7a6824.jpg,6824,zarazeno,1,05_sport/petanque-nohavice,5472,3648,14992231,False,/Users/giorgio/Documents/Přezletice 26/Originální fotky/02_projekty/05_sport/petanque-nohavice/petanque-nohavice__y7a6824.jpg,2e0f1b9ab0b0f0c0,314.483,7b5bd988ba230b4529d8f65cf5885c0e3e08a1e7486bb74f7e7c58727d31a017,,False,krizovatka-nohavice__y7a6829.jpg,18,False
petanque-nohavice__y7a6825.jpg,6825,zarazeno,1,05_sport/petanque-nohavice,5472,3648,14505729,False,/Users/giorgio/Documents/Přezletice 26/Originální fotky/02_projekty/05_sport/petanque-nohavice/petanque-nohavice__y7a6825.jpg,9dae9390b0e0e5c5,262.981,0131282306a23d327437da5653952f80dbb00f11df9aee17b7ce8ba9f962aad9,,False,petanque-nohavice__y7a6826.jpg,7,False
petanque-nohavice__y7a6826.jpg,6826,zarazeno,1,05_sport/petanque-nohavice,5472,3648,15606110,False,/Users/giorgio/Documents/Přezletice 26/Originální fotky/02_projekty/05_sport/petanque-nohavice/petanque-nohavice__y7a6826.jpg,9eae9690b0e0e7c6,318.550,079f36b1f23a3c958c75a7852a48b4ffe023e4342a7a3b663a3d400d6620e6d2,,False,petanque-nohavice__y7a6825.jpg,7,False
petanque-nohavice__y7a6827.jpg,6827,zarazeno,1,05_sport/petanque-nohavice,5472,3648,14767234,False,/Users/giorgio/Documents/Přezletice 26/Originální fotky/02_projekty/05_sport/petanque-nohavice/petanque-nohavice__y7a6827.jpg,0eccded25060e5c3,257.647,909e692461512c3762e130016100ca4ace65823956fe0f5c54abe3080def62fd,,False,petanque-nohavice__y7a6826.jpg,16,False
workoutove-hriste__y7a6845.jpg,6845,zarazeno,2,01_zivotni_prostredi/revitalizace-rybnika | 05_sport/workoutove-hriste,5418,3612,18561758,False,/Users/giorgio/Documents/Přezletice 26/Originální fotky/02_projekty/05_sport/workoutove-hriste/workoutove-hriste__y7a6845.jpg,8f0d0d0e8e9cb8e6,378.113,1207fe83e7ba42b3253c3bc3988feaac1c897db24b27bfae5cb8e9c71c8cbe20,,False,prakticky-lekar-a-ordinace__y7a6807.jpg,19,False
workoutove-hriste__y7a6846.jpg,6846,zarazeno,2,01_zivotni_prostredi/revitalizace-rybnika | 05_sport/workoutove-hriste,5472,3648,19663175,False,/Users/giorgio/Documents/Přezletice 26/Originální fotky/02_projekty/05_sport/workoutove-hriste/workoutove-hriste__y7a6846.jpg,816190f2461e560e,483.956,b761bb09d8d8bb28937c0e8bcf1d097ca4dc6c4c0be09f7372a214480fe805a5,,False,podzemni-kontejnery__y7a6821.jpg,24,False
komunitni-centrum-zlatak__y7a6756.jpg,6756,zarazeno,1,06_kultura/komunitni-centrum-zlatak,5472,3648,8715530,False,/Users/giorgio/Documents/Přezletice 26/Originální fotky/02_projekty/06_kultura/komunitni-centrum-zlatak/komunitni-centrum-zlatak__y7a6756.jpg,f0186869692478e1,80.704,9b4bed4a722faae2a5e971ce6b6196aa84a9fa2d0f5f45be4ef1e1c3c379deb0,,False,komunitni-centrum-zlatak__y7a6761-ed.jpg,11,False
komunitni-centrum-zlatak__y7a6757.jpg,6757,zarazeno,1,06_kultura/komunitni-centrum-zlatak,5472,3648,7956193,False,/Users/giorgio/Documents/Přezletice 26/Originální fotky/02_projekty/06_kultura/komunitni-centrum-zlatak/komunitni-centrum-zlatak__y7a6757.jpg,f23078c1c3cb7df8,52.847,3ac0736580262a2fbb0f15f7664a803198124dd14c3d7fff7f13993ac7163560,,True,rekonstrukce-prutahovych-komunikaci__y7a6746.jpg,20,False
komunitni-centrum-zlatak__y7a6761-ed.jpg,6761,zarazeno,1,06_kultura/komunitni-centrum-zlatak,4821,3214,7733573,False,/Users/giorgio/Documents/Přezletice 26/Originální fotky/02_projekty/06_kultura/komunitni-centrum-zlatak/komunitni-centrum-zlatak__y7a6761-ed.jpg,f018226969606078,81.927,7e779ae8f269a31c6631f24e32a656f8064210e60c0764b8f7b14fc2da2e8ed0,,False,komunitni-centrum-zlatak__y7a6756.jpg,11,False
komunitni-centrum-zlatak__y7a6765.jpg,6765,zarazeno,1,06_kultura/komunitni-centrum-zlatak,5472,3648,15111108,False,/Users/giorgio/Documents/Přezletice 26/Originální fotky/02_projekty/06_kultura/komunitni-centrum-zlatak/komunitni-centrum-zlatak__y7a6765.jpg,59f7c632f8fcdb7c,132.242,ec581a6d5fd723e24aa637d84d94935b5e7a559ae0371e635ec95886fb5df866,,False,komunitni-centrum-zlatak__y7a6766.jpg,17,False
komunitni-centrum-zlatak__y7a6766.jpg,6766,zarazeno,1,06_kultura/komunitni-centrum-zlatak,5472,3648,14023565,False,/Users/giorgio/Documents/Přezletice 26/Originální fotky/02_projekty/06_kultura/komunitni-centrum-zlatak/komunitni-centrum-zlatak__y7a6766.jpg,4d51c53630fcd67a,129.723,6e370899d1120f8852062407bf15725c6298a808511de8f5493ff409b550da8f,,False,komunitni-centrum-zlatak__y7a6765.jpg,17,False
komunitni-centrum-zlatak__y7a6767.jpg,6767,zarazeno,1,06_kultura/komunitni-centrum-zlatak,4337,2891,9088160,False,/Users/giorgio/Documents/Přezletice 26/Originální fotky/02_projekty/06_kultura/komunitni-centrum-zlatak/komunitni-centrum-zlatak__y7a6767.jpg,e7de98e0f0f8fcb8,138.680,9c8e0d71e00e46afdd7c852ef7067a8e7b84bc602d964ba013d15a715521d6b6,,False,zelen-mistni-komunikace__y7a6670.jpg,19,False
komunitni-centrum-zlatak__y7a6769.jpg,6769,zarazeno,1,06_kultura/komunitni-centrum-zlatak,5472,3648,13701343,False,/Users/giorgio/Documents/Přezletice 26/Originální fotky/02_projekty/06_kultura/komunitni-centrum-zlatak/komunitni-centrum-zlatak__y7a6769.jpg,ac32763a7cfebaa4,133.770,b69e491ef3b8d34fc709955cc85887f591f5c5b534fe10075c6ca91f54f500c3,,False,zahrada-ms__y7a6702.jpg,18,False
komunitni-centrum-zlatak__y7a6771.jpg,6771,zarazeno,1,06_kultura/komunitni-centrum-zlatak,5472,3648,13697569,False,/Users/giorgio/Documents/Přezletice 26/Originální fotky/02_projekty/06_kultura/komunitni-centrum-zlatak/komunitni-centrum-zlatak__y7a6771.jpg,09441a1010472d3c,108.555,72ae231fb31902aba23722f6816df976fecb10f44f8f0cbfa1968b7b9c1390bd,,False,vydejni-automaty-stravovani__y7a6738.jpg,22,False
komunitni-centrum-zlatak__y7a6772.jpg,6772,zarazeno,1,06_kultura/komunitni-centrum-zlatak,5472,3648,14232459,False,/Users/giorgio/Documents/Přezletice 26/Originální fotky/02_projekty/06_kultura/komunitni-centrum-zlatak/komunitni-centrum-zlatak__y7a6772.jpg,366674766a6646ce,64.003,5aca98ea5f9c78b3e3b371a69422074e6110e3e158f5ebb8bdac950368581f03,,True,prakticky-lekar-a-ordinace__y7a6815.jpg,18,False
komunitni-centrum-zlatak__y7a6773.jpg,6773,zarazeno,1,06_kultura/komunitni-centrum-zlatak,5472,3648,14060121,False,/Users/giorgio/Documents/Přezletice 26/Originální fotky/02_projekty/06_kultura/komunitni-centrum-zlatak/komunitni-centrum-zlatak__y7a6773.jpg,86c2d993591c73e9,111.727,d50731143f4802e99df8fa2b95e16d7e468f4777b038ce3469f83da711904086,,False,komunitni-centrum-zlatak__y7a6774.jpg,10,False
komunitni-centrum-zlatak__y7a6774.jpg,6774,zarazeno,1,06_kultura/komunitni-centrum-zlatak,5472,3648,13134584,False,/Users/giorgio/Documents/Přezletice 26/Originální fotky/02_projekty/06_kultura/komunitni-centrum-zlatak/komunitni-centrum-zlatak__y7a6774.jpg,86c098935991f1e8,105.272,1fd9ae9e40449eac04001abcc429e6261562efd059c56605e098a23688a1c695,,False,komunitni-centrum-zlatak__y7a6773.jpg,10,False
komunitni-centrum-zlatak__y7a6775.jpg,6775,zarazeno,1,06_kultura/komunitni-centrum-zlatak,5472,3648,13351640,False,/Users/giorgio/Documents/Přezletice 26/Originální fotky/02_projekty/06_kultura/komunitni-centrum-zlatak/komunitni-centrum-zlatak__y7a6775.jpg,36d3d333d7d6cb8b,130.108,a1ed24e14cd06e7c7027e3b0ea6a3929ec0426a918bffb792e4e1bbdf9c63bb6,,False,sokolovna-a-restaurace-na-namesti__y7a6715.jpg,21,False
komunitni-centrum-zlatak__y7a6776.jpg,6776,zarazeno,1,06_kultura/komunitni-centrum-zlatak,5472,3648,14193421,False,/Users/giorgio/Documents/Přezletice 26/Originální fotky/02_projekty/06_kultura/komunitni-centrum-zlatak/komunitni-centrum-zlatak__y7a6776.jpg,d2cbbb43cbcbcde6,151.588,1f2257bfe822a5ccdece95e151f3a336b1d1652f0556299315e2980cda7c9a2b,,False,revitalizace-rybnika__y7a6843.jpg,22,False
komunitni-centrum-zlatak__y7a6777.jpg,6777,zarazeno,1,06_kultura/komunitni-centrum-zlatak,5472,3648,14244061,False,/Users/giorgio/Documents/Přezletice 26/Originální fotky/02_projekty/06_kultura/komunitni-centrum-zlatak/komunitni-centrum-zlatak__y7a6777.jpg,4c4c5458498c9f0f,120.667,c2cffabcf7632b5c3b8f77cf1562b3f420cacf15b74631c116a34534d29b93fe,,False,prakticky-lekar-a-ordinace__y7a6812.jpg,22,False
komunitni-centrum-zlatak__y7a6778.jpg,6778,zarazeno,1,06_kultura/komunitni-centrum-zlatak,5472,3648,12037233,False,/Users/giorgio/Documents/Přezletice 26/Originální fotky/02_projekty/06_kultura/komunitni-centrum-zlatak/komunitni-centrum-zlatak__y7a6778.jpg,ffdf90d5c78fffff,82.519,2c4298b15c57d95e6f38ae25f70dcf35e5b9ef78d921178d7f7b28c9a920a49c,,False,komunitni-centrum-zlatak__y7a6780-ed.jpg,17,False
komunitni-centrum-zlatak__y7a6779.jpg,6779,zarazeno,1,06_kultura/komunitni-centrum-zlatak,4883,3234,9278817,False,/Users/giorgio/Documents/Přezletice 26/Originální fotky/02_projekty/06_kultura/komunitni-centrum-zlatak/komunitni-centrum-zlatak__y7a6779.jpg,f4fd3b5e7e7bfdfc,84.033,01e3bf1365822cc80020ae66a2bc19cac5b7b3d4bedbdf255b75963f9d6b6a0c,,False,lavka-a-verejne-plochy-zlaty-kopec__y7a6863.jpg,20,False
komunitni-centrum-zlatak__y7a6780-ed.jpg,6780,zarazeno,1,06_kultura/komunitni-centrum-zlatak,5472,3648,13257795,False,/Users/giorgio/Documents/Přezletice 26/Originální fotky/02_projekty/06_kultura/komunitni-centrum-zlatak/komunitni-centrum-zlatak__y7a6780-ed.jpg,7f9fa3a3a70f3f7f,91.244,cb7fae895614bb036d97180848ff132896f465416fa216f91c069ff547b99415,,False,komunitni-centrum-zlatak__y7a6781-ed.jpg,9,False
komunitni-centrum-zlatak__y7a6781-ed.jpg,6781,zarazeno,1,06_kultura/komunitni-centrum-zlatak,4622,3081,9927893,False,/Users/giorgio/Documents/Přezletice 26/Originální fotky/02_projekty/06_kultura/komunitni-centrum-zlatak/komunitni-centrum-zlatak__y7a6781-ed.jpg,3f87a1a38f2f3fbf,94.286,64b48c0049b8ee2876c47488eaeda120037248f47f8ced26d1da25ed7260d9ef,,False,komunitni-centrum-zlatak__y7a6781.jpg,2,True
komunitni-centrum-zlatak__y7a6781.jpg,6781,zarazeno,1,06_kultura/komunitni-centrum-zlatak,4622,3081,9604976,False,/Users/giorgio/Documents/Přezletice 26/Originální fotky/02_projekty/06_kultura/komunitni-centrum-zlatak/komunitni-centrum-zlatak__y7a6781.jpg,3f87a3838f2f3fbf,98.036,876dbfb60ecdf2aa6bd0d6a84c54b29ffc6c081c2e0269eddbfa63d77d3c435d,,False,komunitni-centrum-zlatak__y7a6781-ed.jpg,2,True
komunitni-centrum-zlatak__y7a6782.jpg,6782,zarazeno,1,06_kultura/komunitni-centrum-zlatak,5472,3648,10991148,False,/Users/giorgio/Documents/Přezletice 26/Originální fotky/02_projekty/06_kultura/komunitni-centrum-zlatak/komunitni-centrum-zlatak__y7a6782.jpg,fdbd1d2d1d3f3f7f,84.021,fc867633b41efc268e454662fe8f40a8dc86684856418e1fc64f8035bcfe7eb3,,False,prakticky-lekar-a-ordinace__y7a6805.jpg,19,False
komunitni-centrum-zlatak__y7a6783.jpg,6783,zarazeno,1,06_kultura/komunitni-centrum-zlatak,5472,3648,11160652,False,/Users/giorgio/Documents/Přezletice 26/Originální fotky/02_projekty/06_kultura/komunitni-centrum-zlatak/komunitni-centrum-zlatak__y7a6783.jpg,c0c0ecc8c0808080,83.710,dd8d35d56d4d92e9bc756873a436a0feb3528ba07e5302ba70cec904db28d1d0,,False,komunitni-centrum-zlatak__y7a6785.jpg,13,False
komunitni-centrum-zlatak__y7a6785.jpg,6785,zarazeno,1,06_kultura/komunitni-centrum-zlatak,5472,3648,11408170,False,/Users/giorgio/Documents/Přezletice 26/Originální fotky/02_projekty/06_kultura/komunitni-centrum-zlatak/komunitni-centrum-zlatak__y7a6785.jpg,c0004850a0000000,82.616,318ca2d05e77f8bf813680883a290e7c3bbbf460356b61142620f5923557d2e0,,False,komunitni-centrum-zlatak__y7a6790.jpg,12,False
komunitni-centrum-zlatak__y7a6787.jpg,6787,zarazeno,1,06_kultura/komunitni-centrum-zlatak,5472,3648,11429569,False,/Users/giorgio/Documents/Přezletice 26/Originální fotky/02_projekty/06_kultura/komunitni-centrum-zlatak/komunitni-centrum-zlatak__y7a6787.jpg,0367e78783030100,86.634,768fd90b1daf2023e900228f7e93508d5397cb7ba6367c72ba14eebebe62bfed,,False,komunitni-centrum-zlatak__y7a6789.jpg,9,False
komunitni-centrum-zlatak__y7a6789.jpg,6789,zarazeno,1,06_kultura/komunitni-centrum-zlatak,5413,3609,10761464,False,/Users/giorgio/Documents/Přezletice 26/Originální fotky/02_projekty/06_kultura/komunitni-centrum-zlatak/komunitni-centrum-zlatak__y7a6789.jpg,a023e78783810000,78.824,55232cfb602da23661c144f63ab6fa844e9f22ca9e2bda41cc935c8e29eb1a33,,False,komunitni-centrum-zlatak__y7a6787.jpg,9,False
komunitni-centrum-zlatak__y7a6790.jpg,6790,zarazeno,1,06_kultura/komunitni-centrum-zlatak,5472,3648,12344516,False,/Users/giorgio/Documents/Přezletice 26/Originální fotky/02_projekty/06_kultura/komunitni-centrum-zlatak/komunitni-centrum-zlatak__y7a6790.jpg,4028594120e08000,105.492,603a8c7232197dd32f17c534fc898bf899bfc62cea4a56f38797adf27bcb7e72,,False,komunitni-centrum-zlatak__y7a6785.jpg,12,False
komunitni-centrum-zlatak__y7a6792.jpg,6792,zarazeno,1,06_kultura/komunitni-centrum-zlatak,5472,3648,12094870,False,/Users/giorgio/Documents/Přezletice 26/Originální fotky/02_projekty/06_kultura/komunitni-centrum-zlatak/komunitni-centrum-zlatak__y7a6792.jpg,848e981c0c040001,66.567,7fed3731821a89c6ba0589e0edb7fdbc8b77c1a8792e8023bc36cc0f31520af0,,True,detska-hriste__y7a6837.jpg,18,False
komunitni-centrum-zlatak__y7a6793.jpg,6793,zarazeno,1,06_kultura/komunitni-centrum-zlatak,5472,3648,11478743,False,/Users/giorgio/Documents/Přezletice 26/Originální fotky/02_projekty/06_kultura/komunitni-centrum-zlatak/komunitni-centrum-zlatak__y7a6793.jpg,07cfad8daeae8697,133.641,651c6b484b6fdc26dca42737cfb458d430d9704b77b37852db328d294ec914cb,,False,komunitni-centrum-zlatak__y7a6794.jpg,14,False
komunitni-centrum-zlatak__y7a6794.jpg,6794,zarazeno,1,06_kultura/komunitni-centrum-zlatak,5472,3648,11408822,False,/Users/giorgio/Documents/Přezletice 26/Originální fotky/02_projekty/06_kultura/komunitni-centrum-zlatak/komunitni-centrum-zlatak__y7a6794.jpg,87e7e5c5a7a6c6d2,151.829,c560da6deeac9eac68320cb11e4ca5869af4d109184cad7ba9ea2407130f1cc7,,False,komunitni-centrum-zlatak__y7a6793.jpg,14,False
sokolovna-a-restaurace-na-namesti__y7a6713.jpg,6713,zarazeno,1,06_kultura/sokolovna-a-restaurace-na-namesti,3431,5147,18848954,False,/Users/giorgio/Documents/Přezletice 26/Originální fotky/02_projekty/06_kultura/sokolovna-a-restaurace-na-namesti/sokolovna-a-restaurace-na-namesti__y7a6713.jpg,b7b19dafbd89c7e8,169.465,ee718d0c66e07b13015e635ed4963ed7b32f3f7cbb9f69d11fbbe7b30704184e,,False,druhy-pavilon-ms__y7a6692.jpg,22,False
sokolovna-a-restaurace-na-namesti__y7a6714.jpg,6714,zarazeno,1,06_kultura/sokolovna-a-restaurace-na-namesti,5466,3644,20372087,False,/Users/giorgio/Documents/Přezletice 26/Originální fotky/02_projekty/06_kultura/sokolovna-a-restaurace-na-namesti/sokolovna-a-restaurace-na-namesti__y7a6714.jpg,c7565c5c5347ccf0,135.351,63af250c919eb6e5a5648ae06979d9a29c87584fcf3bcd93695ab3e601d15cbc,,False,zahrada-ms__y7a6703.jpg,21,False
sokolovna-a-restaurace-na-namesti__y7a6715.jpg,6715,zarazeno,1,06_kultura/sokolovna-a-restaurace-na-namesti,5472,3648,23149837,False,/Users/giorgio/Documents/Přezletice 26/Originální fotky/02_projekty/06_kultura/sokolovna-a-restaurace-na-namesti/sokolovna-a-restaurace-na-namesti__y7a6715.jpg,d39bdbdeded8c3cb,138.072,1f13e553371619212607ca903166212e572eceafaefe6c3629202fbcf122c030,,False,rekonstrukce-mistnich-komunikaci__y7a6660.jpg,21,False
sokolovna-a-restaurace-na-namesti__y7a6716.jpg,6716,zarazeno,1,06_kultura/sokolovna-a-restaurace-na-namesti,5472,3648,10323457,False,/Users/giorgio/Documents/Přezletice 26/Originální fotky/02_projekty/06_kultura/sokolovna-a-restaurace-na-namesti/sokolovna-a-restaurace-na-namesti__y7a6716.jpg,c6c0f3eb9296d3f9,125.708,c557487d8813acd9cbe5856b1a064ee2aebb3f46f46334179198e3306739b68c,,False,obecni-policie__y7a6717.jpg,7,False
kaplicka-a-zvon__y7a6727.jpg,6727,zarazeno,1,07_infrastruktura/kaplicka-a-zvon,5107,3433,8599116,False,/Users/giorgio/Documents/Přezletice 26/Originální fotky/02_projekty/07_infrastruktura/kaplicka-a-zvon/kaplicka-a-zvon__y7a6727.jpg,c2cb4f4933b63065,99.770,ff27d45e418c91bb7005fd9185d450704e6b0c9b992aa6140d0a60b43e1e9112,,False,zelen-prutahove-komunikace__y7a6726.jpg,11,False
kaplicka-a-zvon__y7a6728.jpg,6728,zarazeno,1,07_infrastruktura/kaplicka-a-zvon,5371,3533,7755627,False,/Users/giorgio/Documents/Přezletice 26/Originální fotky/02_projekty/07_infrastruktura/kaplicka-a-zvon/kaplicka-a-zvon__y7a6728.jpg,34cc2e1a7a692ace,78.097,b081a9c5635cf3a2604b65dd946cd1f93e5569e2c95b9fa3c5b2be46996d05ae,,False,kaplicka-a-zvon__y7a6729.jpg,4,True
kaplicka-a-zvon__y7a6729.jpg,6729,zarazeno,1,07_infrastruktura/kaplicka-a-zvon,5472,3648,8824211,False,/Users/giorgio/Documents/Přezletice 26/Originální fotky/02_projekty/07_infrastruktura/kaplicka-a-zvon/kaplicka-a-zvon__y7a6729.jpg,36cc2e3a72692acc,76.706,518d487f2d5f6351755c9bea0f8f689fafe78dc467c21399e3d851af6b31a231,,False,kaplicka-a-zvon__y7a6728.jpg,4,True
kaplicka-a-zvon__y7a6730.jpg,6730,zarazeno,1,07_infrastruktura/kaplicka-a-zvon,5102,3401,7661393,False,/Users/giorgio/Documents/Přezletice 26/Originální fotky/02_projekty/07_infrastruktura/kaplicka-a-zvon/kaplicka-a-zvon__y7a6730.jpg,d8582b2cd1b330c4,89.774,802c19573cebd3dbc54226ca9d7c936b85b27459ecfbbccb089967e6f8a93e23,,False,zelen-prutahove-komunikace__y7a6673.jpg,21,False
kaplicka-a-zvon__y7a6731.jpg,6731,zarazeno,1,07_infrastruktura/kaplicka-a-zvon,5259,3506,7318094,False,/Users/giorgio/Documents/Přezletice 26/Originální fotky/02_projekty/07_infrastruktura/kaplicka-a-zvon/kaplicka-a-zvon__y7a6731.jpg,e9684cc933b630e5,85.894,65c81c434e76e288a6e41fd4a7e25af9f12114a512d77d6c6d3d942fa62c49b3,,False,kaplicka-a-zvon__y7a6727.jpg,12,False
podzemni-kontejnery__y7a6709.jpg,6709,zarazeno,1,07_infrastruktura/podzemni-kontejnery,4036,2691,6319739,False,/Users/giorgio/Documents/Přezletice 26/Originální fotky/02_projekty/07_infrastruktura/podzemni-kontejnery/podzemni-kontejnery__y7a6709.jpg,1c96123405c0f038,178.009,f3f5d96749e66208267ea5c2ba3042f39f32a98b28a4d166f6a4d7e30a99243b,,False,hruskove-aleje-a-dalsi-zelen__y7a6680.jpg,20,False
podzemni-kontejnery__y7a6710.jpg,6710,zarazeno,1,07_infrastruktura/podzemni-kontejnery,5154,3436,9830048,False,/Users/giorgio/Documents/Přezletice 26/Originální fotky/02_projekty/07_infrastruktura/podzemni-kontejnery/podzemni-kontejnery__y7a6710.jpg,1c96642909010220,165.238,bced4538cf4e1c402bc14c87ae2cd347e7755ac31115e42b49d8266643866a1e,,False,revitalizace-rybnika__y7a6867.jpg,21,False
podzemni-kontejnery__y7a6711.jpg,6711,zarazeno,1,07_infrastruktura/podzemni-kontejnery,5194,3463,10868670,False,/Users/giorgio/Documents/Přezletice 26/Originální fotky/02_projekty/07_infrastruktura/podzemni-kontejnery/podzemni-kontejnery__y7a6711.jpg,888aaa8a656dfffc,206.569,e07243328ac0d2082b1e7f0a0c4c510bcc6c006563cdbb61ce8234a66bfd8293,,False,zelen-prutahove-komunikace__y7a6722.jpg,21,False
podzemni-kontejnery__y7a6712.jpg,6712,zarazeno,1,07_infrastruktura/podzemni-kontejnery,5257,3505,10559979,False,/Users/giorgio/Documents/Přezletice 26/Originální fotky/02_projekty/07_infrastruktura/podzemni-kontejnery/podzemni-kontejnery__y7a6712.jpg,55754b476f766ccc,142.829,9103d6ec301076b923139a800692b9c77e57e7e561cfef143801d825945c4171,,False,komunitni-centrum-zlatak__y7a6779.jpg,21,False
podzemni-kontejnery__y7a6753.jpg,6753,zarazeno,1,07_infrastruktura/podzemni-kontejnery,5472,3648,11790078,False,/Users/giorgio/Documents/Přezletice 26/Originální fotky/02_projekty/07_infrastruktura/podzemni-kontejnery/podzemni-kontejnery__y7a6753.jpg,a7354248105e6487,167.358,29a0993787239776c8c8d65c950f82bd69a2e0839c52212d1308099af8ffbcf1,,False,zelen-podzemni-kontejnery__y7a6820.jpg,17,False
podzemni-kontejnery__y7a6754.jpg,6754,zarazeno,1,07_infrastruktura/podzemni-kontejnery,5339,3559,11823758,False,/Users/giorgio/Documents/Přezletice 26/Originální fotky/02_projekty/07_infrastruktura/podzemni-kontejnery/podzemni-kontejnery__y7a6754.jpg,a7378a90b0b8d919,185.879,e0bfe5846c6c7eadc7dd546adf893fa7535f82f14229c1815e60a370709b1aef,,False,komunitni-centrum-zlatak__y7a6767.jpg,19,False
podzemni-kontejnery__y7a6755.jpg,6755,zarazeno,1,07_infrastruktura/podzemni-kontejnery,5472,3648,11866755,False,/Users/giorgio/Documents/Přezletice 26/Originální fotky/02_projekty/07_infrastruktura/podzemni-kontejnery/podzemni-kontejnery__y7a6755.jpg,0e78e3de3b03e0d8,184.815,4e9db1d44d96e6d1b160f5721e3530c34ed93e9d5d22d866f26a3f770a8c4b5c,,False,male-multifunkcni-hriste-u-rybnika__y7a6870.jpg,20,False
podzemni-kontejnery__y7a6821.jpg,6821,zarazeno,1,07_infrastruktura/podzemni-kontejnery,5472,3648,11755425,False,/Users/giorgio/Documents/Přezletice 26/Originální fotky/02_projekty/07_infrastruktura/podzemni-kontejnery/podzemni-kontejnery__y7a6821.jpg,316789f1383c9f8f,312.212,ff051c4fd2643e9868b9cdf510c86abec0b3943c330585175ddc841841e63a2e,,False,podzemni-kontejnery__y7a6754.jpg,22,False
podzemni-kontejnery__y7a6822.jpg,6822,zarazeno,1,07_infrastruktura/podzemni-kontejnery,5472,3648,9985538,False,/Users/giorgio/Documents/Přezletice 26/Originální fotky/02_projekty/07_infrastruktura/podzemni-kontejnery/podzemni-kontejnery__y7a6822.jpg,f0c7df050178bfda,177.617,e332d9f6faffcb3d023604d906d0ec1ee5b9009c4e0e5d3c9b85ed3fecd62ee1,,False,revitalizace-rybnika__y7a6842.jpg,24,False
podzemni-kontejnery__y7a6823.jpg,6823,zarazeno,1,07_infrastruktura/podzemni-kontejnery,5472,3648,10343512,False,/Users/giorgio/Documents/Přezletice 26/Originální fotky/02_projekty/07_infrastruktura/podzemni-kontejnery/podzemni-kontejnery__y7a6823.jpg,c7de3d05c1bec811,196.926,1a130dab93114a4e882a30a117d9c530f40d4c2449e16da7d7c5b67e6baa831a,,False,druhy-pavilon-ms__y7a6690.jpg,22,False
postovni-vydejni-boxy__y7a6718.jpg,6718,zarazeno,1,07_infrastruktura/postovni-vydejni-boxy,4888,3259,9497851,False,/Users/giorgio/Documents/Přezletice 26/Originální fotky/02_projekty/07_infrastruktura/postovni-vydejni-boxy/postovni-vydejni-boxy__y7a6718.jpg,b2b6b6a6f6e0e0e4,184.721,7b1ca8ec77472874797a57b78963d0726c02afb11e0c5895e02c22c590cfde7d,,False,hruskove-aleje-a-dalsi-zelen__y7a6687.jpg,16,False
postovni-vydejni-boxy__y7a6719.jpg,6719,zarazeno,1,07_infrastruktura/postovni-vydejni-boxy,5472,3648,13363214,False,/Users/giorgio/Documents/Přezletice 26/Originální fotky/02_projekty/07_infrastruktura/postovni-vydejni-boxy/postovni-vydejni-boxy__y7a6719.jpg,b9f9e9696873f8ce,255.556,0bffe6db184c4164f2f02ac9ed7d33666d056b2b65ee78cde88f40186396cdb1,,False,elektronicka-uredni-deska__y7a6735.jpg,16,False
postovni-vydejni-boxy__y7a6720.jpg,6720,zarazeno,1,07_infrastruktura/postovni-vydejni-boxy,5472,3648,10680567,False,/Users/giorgio/Documents/Přezletice 26/Originální fotky/02_projekty/07_infrastruktura/postovni-vydejni-boxy/postovni-vydejni-boxy__y7a6720.jpg,fcf833b4d4d862e0,131.167,cd925a5576f63921e1b2f60f0dc175ace7d8fd6fbf7e3e5866ac1921e1df0a17,,False,rekonstrukce-prutahovych-komunikaci__y7a6747.jpg,18,False
postovni-vydejni-boxy__y7a6721.jpg,6721,zarazeno,1,07_infrastruktura/postovni-vydejni-boxy,5472,3648,15048024,False,/Users/giorgio/Documents/Přezletice 26/Originální fotky/02_projekty/07_infrastruktura/postovni-vydejni-boxy/postovni-vydejni-boxy__y7a6721.jpg,3a3cb8c87471e3c8,388.303,df6488ae5ac6d2a03bff83009e4b0384b8a41644077ae934e974e2f84f5164ba,,False,svazkova-skola-a-jidelna__y7a6653.jpg,20,False
prakticky-lekar-a-ordinace__y7a6800.jpg,6800,zarazeno,1,08_zdravi-socialni/prakticky-lekar-a-ordinace,5472,3648,10673495,False,/Users/giorgio/Documents/Přezletice 26/Originální fotky/02_projekty/08_zdravi-socialni/prakticky-lekar-a-ordinace/prakticky-lekar-a-ordinace__y7a6800.jpg,2822012979190e33,67.131,046228cd864383362ebe4c7ea582a876aa735b912f8dcce95620ecfed9f1b781,,True,prakticky-lekar-a-ordinace__y7a6811.jpg,20,False
prakticky-lekar-a-ordinace__y7a6801.jpg,6801,zarazeno,1,08_zdravi-socialni/prakticky-lekar-a-ordinace,5472,3648,9960549,False,/Users/giorgio/Documents/Přezletice 26/Originální fotky/02_projekty/08_zdravi-socialni/prakticky-lekar-a-ordinace/prakticky-lekar-a-ordinace__y7a6801.jpg,97e777617b573ff9,74.596,47ca21e0f2b5bef8819f4695e3002da9b89e1dd79e5dbca52f2d4622d943747e,,False,druhy-pavilon-ms__y7a6689.jpg,18,False
prakticky-lekar-a-ordinace__y7a6802.jpg,6802,zarazeno,1,08_zdravi-socialni/prakticky-lekar-a-ordinace,5472,3648,10613909,False,/Users/giorgio/Documents/Přezletice 26/Originální fotky/02_projekty/08_zdravi-socialni/prakticky-lekar-a-ordinace/prakticky-lekar-a-ordinace__y7a6802.jpg,4bcd446d4f65e564,80.512,767d00cf351c04bb6cc08675e937faed9ef03c8a7dd9399deee1e52ae419be1b,,False,zelen-mistni-komunikace__y7a6674.jpg,18,False
prakticky-lekar-a-ordinace__y7a6803.jpg,6803,zarazeno,1,08_zdravi-socialni/prakticky-lekar-a-ordinace,5472,3648,10893480,False,/Users/giorgio/Documents/Přezletice 26/Originální fotky/02_projekty/08_zdravi-socialni/prakticky-lekar-a-ordinace/prakticky-lekar-a-ordinace__y7a6803.jpg,33b3e5c7f3737179,56.018,acc9fc38f6b64bcd3c747c34db5b33c0b8ba56d9984a98cbf3032f695a7d9e67,,True,lavka-a-verejne-plochy-zlaty-kopec__y7a6865.jpg,20,False
prakticky-lekar-a-ordinace__y7a6804.jpg,6804,zarazeno,1,08_zdravi-socialni/prakticky-lekar-a-ordinace,5472,3648,10591651,False,/Users/giorgio/Documents/Přezletice 26/Originální fotky/02_projekty/08_zdravi-socialni/prakticky-lekar-a-ordinace/prakticky-lekar-a-ordinace__y7a6804.jpg,23070f0457973b31,49.171,a2e92475fd31d49b4b449c65b0c47a289e6c890df435fd1848582ad598c16f6c,,True,prakticky-lekar-a-ordinace__y7a6805.jpg,20,False
prakticky-lekar-a-ordinace__y7a6805.jpg,6805,zarazeno,1,08_zdravi-socialni/prakticky-lekar-a-ordinace,5472,3648,9581453,False,/Users/giorgio/Documents/Přezletice 26/Originální fotky/02_projekty/08_zdravi-socialni/prakticky-lekar-a-ordinace/prakticky-lekar-a-ordinace__y7a6805.jpg,670e1e2d8c173773,51.050,eaee498f7bcd60e31ffac1f5650bc825bdf8b51cd85b6fe1a30eeb7a29324776,,True,komunitni-centrum-zlatak__y7a6782.jpg,19,False
prakticky-lekar-a-ordinace__y7a6806.jpg,6806,zarazeno,1,08_zdravi-socialni/prakticky-lekar-a-ordinace,5472,3648,11363473,False,/Users/giorgio/Documents/Přezletice 26/Originální fotky/02_projekty/08_zdravi-socialni/prakticky-lekar-a-ordinace/prakticky-lekar-a-ordinace__y7a6806.jpg,8c1c3c951d6c6fef,51.902,513dd7006bd10577289d8b24ac73312dd6136e94f2774f884cbd59d94850ed6b,,True,rekonstrukce-prutahovych-komunikaci__y7a6752.jpg,18,False
prakticky-lekar-a-ordinace__y7a6807.jpg,6807,zarazeno,1,08_zdravi-socialni/prakticky-lekar-a-ordinace,5472,3648,9872765,False,/Users/giorgio/Documents/Přezletice 26/Originální fotky/02_projekty/08_zdravi-socialni/prakticky-lekar-a-ordinace/prakticky-lekar-a-ordinace__y7a6807.jpg,6c0c2d2d0e9ee3e3,47.695,dbdfa1b81e03f5ae4d6036f3e8a329cf44a67c17e6e071b82400ae9b190b6509,,True,hruskove-aleje-a-dalsi-zelen__y7a6880.jpg,18,False
prakticky-lekar-a-ordinace__y7a6808.jpg,6808,zarazeno,1,08_zdravi-socialni/prakticky-lekar-a-ordinace,5472,3648,9848903,False,/Users/giorgio/Documents/Přezletice 26/Originální fotky/02_projekty/08_zdravi-socialni/prakticky-lekar-a-ordinace/prakticky-lekar-a-ordinace__y7a6808.jpg,2c64646c4764a5b5,77.069,3bbe336b5641a751fe62866b0a79406a1de22f9dfb5c02c4aa2629d8041703b1,,False,revitalizace-rybnika__y7a6867.jpg,18,False
prakticky-lekar-a-ordinace__y7a6810.jpg,6810,zarazeno,1,08_zdravi-socialni/prakticky-lekar-a-ordinace,5472,3648,12459759,False,/Users/giorgio/Documents/Přezletice 26/Originální fotky/02_projekty/08_zdravi-socialni/prakticky-lekar-a-ordinace/prakticky-lekar-a-ordinace__y7a6810.jpg,dc98283939481918,68.905,0c5ae2ac050a8e93ac3569a3f6e98c09e0c5c81f007f0a358ace984245ea2a73,,False,prakticky-lekar-a-ordinace__y7a6811.jpg,12,False
prakticky-lekar-a-ordinace__y7a6811.jpg,6811,zarazeno,1,08_zdravi-socialni/prakticky-lekar-a-ordinace,5472,3648,12467662,False,/Users/giorgio/Documents/Přezletice 26/Originální fotky/02_projekty/08_zdravi-socialni/prakticky-lekar-a-ordinace/prakticky-lekar-a-ordinace__y7a6811.jpg,9818592978581938,74.786,35a8be678fe4b5b258315f4ecf90a2c760107ea6e0669141fe6e88329b4062a0,,False,prakticky-lekar-a-ordinace__y7a6810.jpg,12,False
prakticky-lekar-a-ordinace__y7a6812.jpg,6812,zarazeno,1,08_zdravi-socialni/prakticky-lekar-a-ordinace,5472,3648,12140388,False,/Users/giorgio/Documents/Přezletice 26/Originální fotky/02_projekty/08_zdravi-socialni/prakticky-lekar-a-ordinace/prakticky-lekar-a-ordinace__y7a6812.jpg,ce4c0c0c14ac8c98,58.443,e99b9f6924856a64060dc448adfe7818ac45033b1b8bcb74389a4ea5dd1dcbd5,,True,zahrada-ms__y7a6704.jpg,18,False
prakticky-lekar-a-ordinace__y7a6813.jpg,6813,zarazeno,1,08_zdravi-socialni/prakticky-lekar-a-ordinace,5472,3648,13656254,False,/Users/giorgio/Documents/Přezletice 26/Originální fotky/02_projekty/08_zdravi-socialni/prakticky-lekar-a-ordinace/prakticky-lekar-a-ordinace__y7a6813.jpg,242c0515c4cc60e4,64.810,e96ff4e474c319d039f1f5ddb1b73eec8c5509ba230c03e668db7cc08d5b5c13,,True,revitalizace-rybnika__y7a6866.jpg,15,False
prakticky-lekar-a-ordinace__y7a6814.jpg,6814,zarazeno,1,08_zdravi-socialni/prakticky-lekar-a-ordinace,5472,3648,11904142,False,/Users/giorgio/Documents/Přezletice 26/Originální fotky/02_projekty/08_zdravi-socialni/prakticky-lekar-a-ordinace/prakticky-lekar-a-ordinace__y7a6814.jpg,c4c436325bc3c2c0,61.921,2e5e244bbb47a9a2828503728a1bd22cba9645e006fc7d4337f86d3edf9f770e,,True,hruskove-aleje-a-dalsi-zelen__y7a6681.jpg,19,False
prakticky-lekar-a-ordinace__y7a6815.jpg,6815,zarazeno,1,08_zdravi-socialni/prakticky-lekar-a-ordinace,5472,3648,11383386,False,/Users/giorgio/Documents/Přezletice 26/Originální fotky/02_projekty/08_zdravi-socialni/prakticky-lekar-a-ordinace/prakticky-lekar-a-ordinace__y7a6815.jpg,96e6e4a62e2c26ac,63.461,b18ebaf3188a2daa19d509f40f3b6de1802358ef715c554d7f88eed85c314be5,,True,prakticky-lekar-a-ordinace__y7a6816.jpg,5,True
prakticky-lekar-a-ordinace__y7a6816.jpg,6816,zarazeno,1,08_zdravi-socialni/prakticky-lekar-a-ordinace,5472,3648,11402795,False,/Users/giorgio/Documents/Přezletice 26/Originální fotky/02_projekty/08_zdravi-socialni/prakticky-lekar-a-ordinace/prakticky-lekar-a-ordinace__y7a6816.jpg,96e6e6868e3c26ac,63.125,581f791ccec4c6d67c616faf3b9ef28ce443b8d0cca9a65bb74cc1e2b70ad370,,True,prakticky-lekar-a-ordinace__y7a6815.jpg,5,True
prakticky-lekar-a-ordinace__y7a6817.jpg,6817,zarazeno,1,08_zdravi-socialni/prakticky-lekar-a-ordinace,5472,3648,9719392,False,/Users/giorgio/Documents/Přezletice 26/Originální fotky/02_projekty/08_zdravi-socialni/prakticky-lekar-a-ordinace/prakticky-lekar-a-ordinace__y7a6817.jpg,3232320f0c1e1e1e,45.801,f36f24645312665fcc00c5711bf70d84fa35aad9600a4c51904b942d3c51feff,,True,zelen-prutahove-komunikace__y7a6724.jpg,21,False
prakticky-lekar-a-ordinace__y7a6818.jpg,6818,zarazeno,1,08_zdravi-socialni/prakticky-lekar-a-ordinace,5472,3648,10687581,False,/Users/giorgio/Documents/Přezletice 26/Originální fotky/02_projekty/08_zdravi-socialni/prakticky-lekar-a-ordinace/prakticky-lekar-a-ordinace__y7a6818.jpg,a7e5a7c5c7063773,54.473,cd4e8fded1a2f94cb5bba0d72dcd0e87eb0fe370a9ea627252724ac0adc73610,,True,komunitni-centrum-zlatak__y7a6794.jpg,16,False
vydejni-automaty-stravovani__y7a6738.jpg,6738,zarazeno,1,08_zdravi-socialni/vydejni-automaty-stravovani,4410,2940,7182232,False,/Users/giorgio/Documents/Přezletice 26/Originální fotky/02_projekty/08_zdravi-socialni/vydejni-automaty-stravovani/vydejni-automaty-stravovani__y7a6738.jpg,849494141627330c,145.339,2521d4e84202df530ff314fd68eee3a13440c44c6f5a554b96494064f65c465d,,False,komunitni-centrum-zlatak__y7a6792.jpg,19,False
vydejni-automaty-stravovani__y7a6744-ed.jpg,6744,zarazeno,1,08_zdravi-socialni/vydejni-automaty-stravovani,4822,3215,9581102,False,/Users/giorgio/Documents/Přezletice 26/Originální fotky/02_projekty/08_zdravi-socialni/vydejni-automaty-stravovani/vydejni-automaty-stravovani__y7a6744-ed.jpg,586c64e2a626668f,112.538,59280aea85386243237ea4491ba6910a0521d63cdbe3c5bed82e28cea4108402,,False,vydejni-automaty-stravovani__y7a6744.jpg,6,False
vydejni-automaty-stravovani__y7a6744.jpg,6744,zarazeno,1,08_zdravi-socialni/vydejni-automaty-stravovani,4472,2981,8337105,False,/Users/giorgio/Documents/Přezletice 26/Originální fotky/02_projekty/08_zdravi-socialni/vydejni-automaty-stravovani/vydejni-automaty-stravovani__y7a6744.jpg,d84c4ce22666668f,117.512,fd96c1cc28e80ffdcd16aded6202df0bb175fcb9cf8fad76fcc9bbae81573071,,False,vydejni-automaty-stravovani__y7a6744-ed.jpg,6,False
elektronicka-uredni-deska__y7a6734.jpg,6734,zarazeno,1,09_digitalizace/elektronicka-uredni-deska,5472,3648,9462873,False,/Users/giorgio/Documents/Přezletice 26/Originální fotky/02_projekty/09_digitalizace/elektronicka-uredni-deska/elektronicka-uredni-deska__y7a6734.jpg,ff6d6d6d7173f3f4,67.242,7532e5ee9b1a184359829593478bf4c580952d18d71febb5b6a8bae0cea043ce,,False,elektronicka-uredni-deska__y7a6735.jpg,9,False
elektronicka-uredni-deska__y7a6735.jpg,6735,zarazeno,1,09_digitalizace/elektronicka-uredni-deska,5472,3648,9448245,False,/Users/giorgio/Documents/Přezletice 26/Originální fotky/02_projekty/09_digitalizace/elektronicka-uredni-deska/elektronicka-uredni-deska__y7a6735.jpg,ff6969697972f6f8,75.421,92bcdbaa0a89f2a3c5c7ec8af7e91ac2d402316d8da5efb6bfd1fb794f0396e3,,False,elektronicka-uredni-deska__y7a6734.jpg,9,False
elektronicka-uredni-deska__y7a6736.jpg,6736,zarazeno,1,09_digitalizace/elektronicka-uredni-deska,5472,3648,8725314,False,/Users/giorgio/Documents/Přezletice 26/Originální fotky/02_projekty/09_digitalizace/elektronicka-uredni-deska/elektronicka-uredni-deska__y7a6736.jpg,37b2b2bcbcbcfdfa,42.911,df20994dfa43788592f0e16f0426cfdb1836ed930a70eabd1169b8b1a5ec4b08,,True,zelen-prutahove-komunikace__y7a6722.jpg,19,False
